index,label,count,number_of_blocks,topic,sentiment,stemmed_word,radius,theta,x,y
5,cases,8226,336,Topic 3,normal,case,10,0,10.0,0.0
28,data,5343,293,Topic 3,normal,data,53,1.3636363636363635,52.984990118735844,1.2612779699436982
22,license,5304,276,Topic 3,normal,licens,70,2.727272727272727,69.92071374281056,3.3307341076619603
44,number,5194,257,Topic 3,normal,number,89,4.090909090909091,88.77323820031256,6.349187304731678
14,rate,2816,163,Topic 3,normal,rate,183,5.454545454545454,182.17136183087447,17.395255924665427
58,outbreak,2184,159,Topic 3,negative,outbreak,187,6.8181818181818175,185.67751443390492,22.20046471691607
198,days,1595,116,Topic 3,normal,day,230,8.181818181818182,227.65893163261453,32.732412802855585
80,health,850,104,Topic 3,normal,health,242,9.545454545454545,238.64935359980115,40.130861271558544
375,period,1438,83,Topic 3,normal,period,263,10.909090909090908,258.2472473800919,49.77307726678788
34,symptom,1016,77,Topic 3,negative,symptom,269,12.272727272727272,262.85250694624193,57.18006288975072
72,province,1094,76,Topic 3,normal,provinc,270,13.636363636363635,262.38912344735627,63.65491258754534
48,regions,1246,69,Topic 3,normal,region,277,14.999999999999998,267.56145388207193,71.69287549339825
196,measures,818,68,Topic 3,normal,measur,278,16.363636363636363,266.73904666483025,78.32165080191744
462,countries,1220,66,Topic 3,normal,countri,280,17.727272727272727,266.7046631020409,85.25621783557395
222,city,1200,61,Topic 3,normal,citi,285,19.09090909090909,269.3252333336805,93.21436954546516
130,epidemic,590,57,Topic 3,negative,epidem,289,20.454545454545453,270.77847052493115,100.99514790413942
143,death,866,54,Topic 3,negative,death,292,21.818181818181817,271.08343644069316,108.52543705281563
177,spread,494,54,Topic 3,normal,spread,292,23.18181818181818,268.42400864584636,114.94586370328686
1,contact,1474,49,Topic 3,normal,contact,297,24.545454545454543,270.160702620292,123.37825886156025
421,people,539,47,Topic 3,normal,peopl,299,25.909090909090907,268.94705011127036,130.64640919843848
135,growth,730,41,Topic 3,normal,growth,305,27.27272727272727,271.0948118397517,139.75908912686015
412,reproduction,576,39,Topic 3,normal,reproduct,307,28.636363636363633,269.4474497971475,147.12943892305742
197,interval,782,37,Topic 3,normal,interv,309,29.999999999999996,267.60184976939155,154.49999999999997
316,isolation,460,33,Topic 3,negative,isol,313,31.36363636363636,267.26484440261936,162.9064238955716
385,incubation,610,31,Topic 3,normal,incub,315,32.72727272727273,264.99486284182206,170.30185749851324
63,reporting,405,30,Topic 3,normal,report,316,34.09090909090909,261.6951720727932,177.12040230812252
124,scenarios,421,27,Topic 3,normal,scenario,319,35.45454545454546,259.84972870405704,185.03815415321225
195,onset,408,25,Topic 3,normal,onset,321,36.81818181818183,256.97373833671963,192.36813095014242
173,cluster,578,24,Topic 3,normal,cluster,322,38.181818181818194,253.10909650717755,199.04719356303494
129,exposure,393,21,Topic 3,normal,exposur,325,39.54545454545456,250.61390891725094,206.9243065887037
422,peak,294,21,Topic 3,normal,peak,325,40.90909090909093,245.61861166513387,212.82973853221773
314,quarantine,414,20,Topic 3,normal,quarantin,326,42.272727272727295,241.22414478882004,219.2872818266084
455,distancing,430,20,Topic 3,normal,distanc,326,43.63636363636366,235.93729642225279,224.9657577431686
419,trend,264,18,Topic 3,normal,trend,328,45.00000000000003,231.93102422918747,231.9310242291877
460,government,138,18,Topic 3,normal,govern,328,46.363636363636395,226.3459157661326,237.38476449846314
389,point,264,16,Topic 3,normal,point,330,47.72727272727276,221.9779233214132,244.1839502463518
1277,proportion,147,15,Topic 3,normal,proport,331,49.09090909090913,216.75890293588918,250.15310911125962
121,screening,226,13,Topic 3,normal,screen,333,50.454545454545496,212.0178279816562,256.7828666752142
978,delay,298,13,Topic 3,negative,delay,333,51.81818181818186,205.84694241146133,261.75568054934837
448,prevention,88,12,Topic 3,normal,prevent,334,53.18181818181823,200.15874061478965,267.38077446873655
1047,situation,81,10,Topic 3,normal,situat,336,54.5454545454546,194.89912161592235,273.697519888913
629,mainland,53,7,Topic 3,normal,mainland,339,55.90909090909096,190.01207715966282,280.7426054831549
2,tracing,117,6,Topic 3,normal,trace,340,57.27272727272733,183.8178779349029,286.02620116260175
1547,identification,93,5,Topic 3,normal,identif,341,58.6363636363637,177.47952251881733,291.1735205792117
index,label,count,number_of_blocks,topic,sentiment,stemmed_word,radius,theta,x,y
6,COVID19,4726,305,Others,normal,covid19,41,60.0,20.500000000000004,35.50704155516198
21,authorfunder,3293,241,Others,normal,authorfund,105,60.205479452054796,52.1735518980393,91.12036261090383
90,Fig,5788,211,Others,normal,fig,135,60.41095890410959,66.65969927159693,117.39456756179248
57,China,2326,195,Others,normal,china,151,60.61643835616439,74.0887206556224,131.57454720276698
146,SARSCoV2,2861,161,Others,normal,sarscov2,185,60.82191780821918,90.19225406656594,161.52509806959418
56,Wuhan,2439,156,Others,normal,wuhan,190,61.02739726027398,92.03435570849126,166.2217716465653
81,Figure,3410,152,Others,normal,figur,194,61.232876712328775,93.36264821985587,170.05709605122465
164,RNA,3140,123,Others,normal,rna,223,61.43835616438357,106.61719035131371,195.86162135955
69,International,1280,110,Others,normal,intern,236,61.643835616438366,112.08845300782382,207.68288013775444
116,bioRxiv,1082,90,Others,normal,biorxiv,256,61.84931506849316,120.77876299568592,225.71772285142328
344,Viruses,1499,88,Others,normal,virus,258,62.05479452054796,120.90575203991233,227.91621075224825
281,Genomic,1737,82,Others,normal,genom,264,62.260273972602754,122.88033690044605,233.65877429112925
70,January,1026,77,Others,normal,januari,269,62.46575342465755,124.352973216406,238.53162903950457
108,SARSCoV,1017,65,Others,normal,sarscov,281,62.671232876712345,129.00587891468803,249.63670244066446
133,February,543,62,Others,normal,februari,284,62.87671232876714,129.47750095640222,252.7678317074482
37,Hubei,700,55,Others,normal,hubei,291,63.08219178082194,131.73915384402062,259.47214753121665
106,ACE2,997,42,Others,normal,ace2,304,63.28767123287673,136.65141139827912,271.5555040187149
417,CI,463,38,Others,normal,ci,308,63.49315068493153,137.46187628981153,275.6233527241198
216,predicts,624,35,Others,normal,predict,311,63.698630136986324,137.80180620421234,278.8039852779309
231,SARS,505,35,Others,normal,sar,311,63.90410958904112,136.80104940349926,279.29638895284944
826,DNA,740,34,Others,normal,dna,312,64.10958904109592,136.2351843702918,280.6848313315
275,bats,808,32,Others,normal,bat,314,64.3150684931507,136.09453657558333,282.9739866388379
394,MedRxiv,271,32,Others,normal,medrxiv,314,64.5205479452055,135.0788359393154,283.46024074158885
453,CT,652,32,Others,normal,ct,314,64.72602739726028,134.06139798881713,283.94284912510824
491,vaccination,886,31,Others,normal,vaccin,315,64.93150684931507,133.46593719777948,285.32760751094236
524,CoV,558,31,Others,normal,cov,315,65.13698630136986,132.44181270942937,285.8044195708674
169,Transcript,782,30,Others,normal,transcript,316,65.34246575342465,131.83317842549218,287.1863733992829
214,March,269,29,Others,normal,march,317,65.54794520547944,131.21633001263635,288.56762593543806
120,Traveller,817,28,Others,normal,travel,318,65.75342465753423,130.591264714944,289.948136017722
274,MERSCoV,571,28,Others,normal,merscov,318,65.95890410958901,129.55058817942648,290.4146089685652
642,State,471,26,Others,normal,state,320,66.1643835616438,129.31647338983294,292.7067640318833
151,Binding,419,25,Others,normal,bind,321,66.36986301369859,128.66674279953824,294.0847995006839
105,RBDs,520,24,Others,normal,rbd,322,66.57534246575338,128.00878619898324,295.46192759112466
487,swabs,203,23,Others,normal,swab,323,66.78082191780817,127.34260178219448,296.8381070067343
536,Syndrome,74,23,Others,normal,syndrom,323,66.98630136986296,126.27723673634144,297.29288501784566
433,Italy,245,22,Others,normal,itali,324,67.19178082191775,125.59789540320028,298.66564695372443
523,All,237,22,Others,normal,all,324,67.39726027397253,124.52598749746365,299.11415619756536
114,S1,355,21,Others,normal,s1,325,67.60273972602732,123.83350416945889,300.48338264388696
564,Tables,256,21,Others,normal,tabl,325,67.80821917808211,122.75508869128899,300.92555258800104
637,emergency,97,21,Others,negative,emerg,325,68.0136986301369,121.67509440056168,301.36385218306197
677,Reaction,360,21,Others,normal,reaction,325,68.21917808219169,120.59353518760571,301.7982757918867
50,organisms,281,20,Others,normal,organ,326,68.42465753424648,119.87814934737834,303.1587526512267
95,Feb,238,20,Others,normal,feb,326,68.63013698630127,118.79016466495526,303.586720359888
356,tissues,304,20,Others,normal,tissu,326,68.83561643835606,117.70065216477991,304.01078349293056
328,Human,299,19,Others,normal,human,327,69.04109589041084,116.96732409843264,305.36477382509634
94,Jan,230,18,Others,normal,jan,328,69.24657534246563,116.22579364532196,306.7174023291066
390,R0,223,18,Others,normal,r0,328,69.45205479452042,115.12507011724176,307.13224876346044
432,Korea,239,18,Others,normal,korea,328,69.65753424657521,114.02286590996269,307.5431450214403
486,PCR,249,18,Others,normal,pcr,328,69.86301369863,112.91919519946606,307.95008581831064
984,mRNA,528,17,Others,normal,mrna,329,70.06849315068479,112.15496874212089,309.2931667309413
96,SEIR,161,16,Others,normal,seir,330,70.27397260273958,111.38255686605821,310.63471477923923
162,ZIKV,641,16,Others,normal,zikv,330,70.47945205479436,110.26781588354322,311.0321667935215
35,ICU,225,15,Others,normal,icu,331,70.68493150684915,109.48241928936532,312.3693324680699
333,communities,246,15,Others,normal,commun,331,70.89041095890394,108.36146969223282,312.75995889202204
334,South,185,15,Others,normal,south,331,71.09589041095873,107.2391264058372,313.14656275889865
109,Supplementary,228,14,Others,normal,supplementari,332,71.30136986301352,106.43599420918183,314.47635703929
425,stages,178,14,Others,normal,stage,332,71.50684931506831,105.30750781158424,314.8560445640406
777,libraries,199,14,Others,normal,librari,332,71.7123287671231,104.17766700320412,315.2316825729443
30,databases,236,13,Others,normal,databas,333,71.91780821917789,103.35686729834845,316.553878482434
110,S2,218,13,Others,normal,s2,333,72.12328767123267,102.22095011721713,316.9225100196157
581,compounds,339,13,Others,normal,compound,333,72.32876712328746,101.08371822301453,317.28706546313896
625,trial,328,13,Others,normal,trial,333,72.53424657534225,99.94518624222982,317.6475401242799
1233,ratios,136,13,Others,normal,ratio,333,72.73972602739704,98.80536881807345,318.0039293667996
10,IgG,249,12,Others,normal,igg,334,72.94520547945183,97.95756673824741,319.31225331753524
31,publications,198,12,Others,normal,public,334,73.15068493150662,96.81179195951175,319.66150368411303
194,profile,141,12,Others,normal,profil,334,73.3561643835614,95.66477203750357,320.00664272951036
210,titer,148,12,Others,normal,titer,334,73.5616438356162,94.51652172460079,320.347666014727
215,US,145,12,Others,normal,us,334,73.76712328767098,93.36705578900583,320.6845691536976
609,positions,207,12,Others,normal,posit,334,73.97260273972577,92.21638901455601,321.01734781334807
636,NCP,280,12,Others,normal,ncp,334,74.17808219178056,91.06453620053318,321.345997713651
667,copies,169,12,Others,normal,copi,334,74.38356164383535,89.91151216147344,321.6705146276811
752,image,239,12,Others,normal,imag,334,74.58904109589014,88.75733172697642,321.99089438166953
925,ORFs,272,12,Others,normal,orf,334,74.79452054794493,87.60200974151485,322.30713285505726
1074,equations,194,12,Others,normal,equat,334,74.99999999999972,86.44556106424358,322.6192259805484
1116,phenotypes,248,12,Others,normal,phenotyp,334,75.2054794520545,85.28800056880812,322.92716974416226
1135,forecasting,270,12,Others,normal,forecast,334,75.4109589041093,84.12934314315387,323.23096018528526
1189,cultures,128,12,Others,normal,cultur,334,75.61643835616408,82.96960368933426,323.53059339672166
1665,restrictions,132,12,Others,normal,restrict,334,75.82191780821887,81.80879712331932,323.8260655247437
9,IgM,155,11,Others,normal,igm,335,76.02739726027366,80.88839627412925,325.08778406485754
36,CFR,249,11,Others,normal,cfr,335,76.23287671232845,79.72201856182548,325.3757823754373
84,codons,258,11,Others,normal,codon,335,76.43835616438324,78.55461550608915,325.6595958707351
161,Zika,400,11,Others,normal,zika,335,76.64383561643803,77.38620212145537,325.93922090048824
186,trees,259,11,Others,normal,tree,335,76.84931506849281,76.21679343545374,326.21465386830397
332,genotypes,238,11,Others,normal,genotyp,335,77.0547945205476,75.04640448841492,326.48589123170575
587,II,194,11,Others,normal,ii,335,77.26027397260239,73.87505033327717,326.7529295021787
672,agent,281,11,Others,normal,agent,335,77.46575342465718,72.7027460353926,327.0157652452145
702,fatality,106,11,Others,normal,fatal,335,77.67123287671197,71.52950667233372,327.2743950803554
729,laboratories,74,11,Others,normal,laboratori,335,77.87671232876676,70.35534733369944,327.5288156812382
870,Unit,90,11,Others,normal,unit,335,78.08219178082155,69.18028312092066,327.77902377563646
948,air,96,11,Others,normal,air,335,78.28767123287633,68.00432914706654,328.0250161455029
1075,WHO,68,11,Others,normal,who,335,78.49315068493112,66.82750053664978,328.26678962701067
1103,probes,485,11,Others,normal,probe,335,78.69863013698591,65.64981242543232,328.5043411105941
1200,lengths,198,11,Others,normal,length,335,78.9041095890407,64.4712799602303,328.7376675409887
29,searches,178,10,Others,normal,search,336,79.10958904109549,63.48084939811893,329.94875626329207
158,sources,98,10,Others,normal,sourc,336,79.31506849315028,62.297150796134666,330.1742948848133
234,therapy,101,10,Others,normal,therapi,336,79.52054794520507,61.11265096036836,330.39558697506266
244,Capacity,158,10,Others,normal,capac,336,79.72602739725986,59.92736512524525,330.61262968789555
315,compartments,143,10,Others,normal,compart,336,79.93150684931464,58.741308535299645,330.82542023182066
505,containment,104,10,Others,normal,contain,336,80.13698630136943,57.55449644497898,331.0339558700359
512,persons,118,10,Others,normal,person,336,80.34246575342422,56.366944118447314,331.2382339204637
527,substitution,107,10,Others,normal,substitut,336,80.54794520547901,55.17866682938947,331.4382517557852
538,enzymes,139,10,Others,normal,enzym,336,80.7534246575338,53.98967986081436,331.6340068034742
674,LAMP,159,10,Others,normal,lamp,336,80.95890410958859,52.79999850485821,331.8254965458305
713,transporters,186,10,Others,normal,transport,336,81.16438356164338,51.60963806258832,332.01271852001184
736,progression,97,10,Others,normal,progress,336,81.36986301369816,50.41861384380604,332.19567031806594
747,December,45,10,Others,normal,decemb,336,81.57534246575295,49.22694116684965,332.3743495869612
798,subjects,145,10,Others,normal,subject,336,81.78082191780774,48.034635358397814,332.5487540286172
806,cytokines,182,10,Others,normal,cytokin,336,81.98630136986253,46.84171175327208,332.71888139993405
987,signals,207,10,Others,normal,signal,336,82.19178082191732,45.64818569423989,332.88472951282125
1056,WT,229,10,Others,normal,wt,336,82.39726027397211,44.45407253181691,333.0462962342262
1392,RTPCR,131,10,Others,normal,rtpcr,336,82.6027397260269,43.25938762407005,333.20357948616106
27,review,138,9,Others,normal,review,337,82.80821917808169,42.189337248135224,334.3487099161041
233,Cancer,192,9,Others,normal,cancer,337,83.01369863013647,40.98999607727951,334.49786280570555
243,plasmids,290,9,Others,normal,plasmid,337,83.21917808219126,39.79012771426234,334.64271355653733
424,migration,176,9,Others,normal,migrat,337,83.42465753424605,38.58974759117097,334.78326030560385
474,concern,25,9,Others,negative,concern,337,83.63013698630084,37.38887114667471,334.91950124526545
490,SIR,99,9,Others,normal,sir,337,83.83561643835563,36.18751382582609,335.05143462326146
554,MERS,110,9,Others,normal,mer,337,84.04109589041042,34.98569107986262,335.17905874273293
618,cough,49,9,Others,normal,cough,337,84.2465753424652,33.78341836600791,335.30237196224437
698,workers,264,9,Others,normal,worker,337,84.45205479452,32.580711147272574,335.4213726958048
703,closure,337,9,Others,normal,closur,337,84.65753424657478,31.37758489225581,335.5360594128883
711,CD8,110,9,Others,normal,cd8,337,84.86301369862957,30.174055074946214,335.6464306384534
714,diffusion,230,9,Others,normal,diffus,337,85.06849315068436,28.970137174522833,335.75248495296256
722,tools,150,9,Others,normal,tool,337,85.27397260273915,27.76584667515582,335.8542209923998
759,alignments,98,9,Others,normal,align,337,85.47945205479394,26.561199065807745,335.95163744828886
797,IFN,255,9,Others,normal,ifn,337,85.68493150684873,25.356209840034115,336.04473306770956
976,movement,101,9,Others,normal,movement,337,85.89041095890352,24.150894495783927,336.13350665331404
1071,loads,116,9,Others,normal,load,337,86.0958904109583,22.945268535200768,336.2179570633424
1094,fragmentation,152,9,Others,normal,fragment,337,86.3013698630131,21.73934746442312,336.29808321163694
1417,Eq,232,9,Others,normal,eq,337,86.50684931506788,20.533146793385118,336.3738840676566
1442,School,420,9,Others,normal,school,337,86.71232876712267,19.32668203561673,336.44535865648993
1463,World,22,9,Others,normal,world,337,86.91780821917746,18.11996870804471,336.5125060588677
1657,plant,243,9,Others,normal,plant,337,87.12328767123225,16.913022330792767,336.5753254111747
1798,IBV,472,9,Others,normal,ibv,337,87.32876712328704,15.705858426981774,336.63381590546066
59,market,83,8,Others,normal,market,338,87.53424657534183,14.541514755535067,337.6870509045536
115,subunits,79,8,Others,normal,subunit,338,87.73972602739661,13.33037913748688,337.73702934687344
212,force,180,8,Others,normal,forc,338,87.9452054794514,12.11907207098624,337.78266398993634
245,beds,132,8,Others,normal,bed,338,88.15068493150619,10.907609135239165,337.82395424681306
248,adults,58,8,Others,normal,adult,338,88.35616438356098,9.69600591145631,337.86089958644965
312,policies,97,8,Others,normal,polici,338,88.56164383561577,8.484277982652719,337.8934995336742
400,kidney,129,8,Others,normal,kidney,338,88.76712328767056,7.2724409334471,337.921753669203
445,questionnaire,42,8,Others,normal,questionnair,338,88.97260273972535,6.0605103498618345,337.94566162964605
459,efficacy,112,8,Others,normal,efficaci,338,89.17808219178013,4.848501819122299,337.9652231075114
473,CDC,59,8,Others,normal,cdc,338,89.38356164383492,3.636430929456159,337.9804378512095
511,doiorg10,77,8,Others,normal,doiorg10,338,89.58904109588971,2.4243132698933336,337.99130566505613
522,clones,170,8,Others,normal,clone,338,89.7945205479445,1.2121644300651973,337.99782640927515
555,glycoprotein,145,8,Others,normal,glycoprotein,338,89.99999999999929,4.2235568129265825e-12,338.0
575,cohorts,120,8,Others,normal,cohort,338,90.20547945205408,-1.2121644300568253,337.99782640927515
597,maps,177,8,Others,normal,map,338,90.41095890410887,-2.4243132698849617,337.9913056650562
737,Iran,114,8,Others,normal,iran,338,90.61643835616366,-3.636430929447712,337.9804378512096
790,algorithms,148,8,Others,normal,algorithm,338,90.82191780821844,-4.848501819113853,337.9652231075116
808,IL6,167,8,Others,normal,il6,338,91.02739726027323,-6.060510349853463,337.9456616296462
827,segment,146,8,Others,normal,segment,338,91.23287671232802,-7.272440933438729,337.9217536692032
880,RdRp,213,8,Others,normal,rdrp,338,91.43835616438281,-8.484277982644276,337.8934995336744
890,references,143,8,Others,normal,refer,338,91.6438356164376,-9.696005911447942,337.8608995864499
913,antigens,141,8,Others,normal,antigen,338,91.84931506849239,-10.907609135230796,337.82395424681334
999,Japan,103,8,Others,normal,japan,338,92.05479452054718,-12.119072070977799,337.7826639899366
1065,Files,186,8,Others,normal,file,338,92.26027397260196,-13.330379137478442,337.7370293468738
1093,candidates,153,8,Others,normal,candid,338,92.46575342465675,-14.541514755526704,337.6870509045539
1379,efficiencies,106,8,Others,normal,effici,338,92.67123287671154,-15.752463348121724,337.63272930577403
1447,mobility,153,8,Others,normal,mobil,338,92.87671232876633,-16.963209340667987,337.5740652491904
1813,susceptibles,90,8,Others,normal,suscept,338,93.08219178082112,-18.173737161175946,337.5110594893099
1925,lineages,146,8,Others,normal,lineag,338,93.28767123287591,-19.384031240461837,337.44371283648
2127,brain,231,8,Others,normal,brain,338,93.4931506849307,-20.594076012348154,337.3720261568787
46,transition,174,7,Others,normal,transit,339,93.69863013698549,-21.868364363313393,338.29391753336824
77,importation,189,7,Others,normal,import,339,93.90410958904027,-23.08144223569803,338.2133158589711
83,modifications,183,7,Others,normal,modif,339,94.10958904109506,-24.294223246492372,338.1283642595657
93,traffic,154,7,Others,normal,traffic,339,94.31506849314985,-25.506691797533286,338.0390638277559
313,cost,189,7,Others,normal,cost,339,94.52054794520464,-26.71883229467657,337.94541571207765
335,Africa,44,7,Others,normal,africa,339,94.72602739725943,-27.930629147997045,337.8474211169845
353,delivery,151,7,Others,normal,deliveri,339,94.93150684931422,-29.142066771989303,337.7450813028325
384,accession,55,7,Others,normal,access,339,95.136986301369,-30.353129585768393,337.63839758586334
398,articles,62,7,Others,normal,articl,339,95.3424657534238,-31.56380201326974,337.52737133818806
508,uncertainty,102,7,Others,normal,uncertainti,339,95.54794520547858,-32.77406848344973,337.41200398776886
552,doiorg101101202003,83,7,Others,normal,doiorg101101202003,339,95.75342465753337,-33.983913430486176,337.292297018401
659,specimens,87,7,Others,normal,specimen,339,95.95890410958816,-35.19332129397809,337.16825196969364
696,interface,107,7,Others,normal,interfac,339,96.16438356164295,-36.40227651914608,337.0398704370503
868,classifications,89,7,Others,normal,classif,339,96.36986301369774,-37.61076355703231,336.90715407164777
872,comorbidities,152,7,Others,normal,comorbid,339,96.57534246575253,-38.818766864700734,336.77010458041553
898,technology,45,7,Others,normal,technolog,339,96.78082191780732,-40.02627090543657,336.6287237260133
914,MHC,160,7,Others,normal,mhc,339,96.9863013698621,-41.23326014894634,336.4830133268087
958,traits,116,7,Others,normal,trait,339,97.1917808219169,-42.43971907155788,336.3329752568535
966,Si,70,7,Others,normal,si,339,97.39726027397168,-43.64563215641949,336.17861144586004
1080,residents,96,7,Others,normal,resid,339,97.60273972602647,-44.85098389369981,336.01992387917574
1081,Anxiety,111,7,Others,normal,anxieti,339,97.80821917808126,-46.05575878078721,335.85691459775836
1114,seasons,131,7,Others,normal,season,339,98.01369863013605,-47.25994132248941,335.6895856981489
1167,phosphorylation,99,7,Others,normal,phosphoryl,339,98.21917808219084,-48.46351603123233,335.5179393324454
1285,Ebola,77,7,Others,normal,ebola,339,98.42465753424563,-49.666467427259576,335.3419777082746
1349,neurons,192,7,Others,normal,neuron,339,98.63013698630041,-50.86878003883165,335.1617030887642
1510,damage,129,7,Others,negative,damag,339,98.8356164383552,-52.07043840242456,334.9771177925133
1641,assumption,68,7,Others,normal,assumpt,339,99.04109589040999,-53.27142706292901,334.7882241935624
1731,Panel,111,7,Others,normal,panel,339,99.24657534246478,-54.47173057384898,334.5950247213637
38,OR,74,6,Others,normal,or,340,99.45205479451957,-55.835555720207225,335.3839452290697
85,losses,206,6,Others,negative,loss,340,99.65753424657436,-57.037979167468144,335.18154622904206
104,conformation,104,6,Others,normal,conform,340,99.86301369862915,-58.23966902169655,334.97483629706164
156,household,101,6,Others,normal,household,340,100.06849315068393,-59.44060982737826,334.7638180917248
193,infectiousness,114,6,Others,normal,infecti,340,100.27397260273872,-60.64078613863274,334.54849432703867
227,coefficient,60,6,Others,normal,coeffici,340,100.47945205479351,-61.84018251941208,334.3288677723864
249,reservoir,115,6,Others,normal,reservoir,340,100.6849315068483,-63.03878354369936,334.10494125249124
284,share,46,6,Others,normal,share,340,100.89041095890309,-64.23657379570732,333.87671764738053
354,women,126,6,Others,normal,women,340,101.09589041095788,-65.43353787007622,333.64419989234835
381,nM,195,6,Others,normal,nm,340,101.30136986301267,-66.62966037207222,333.40739097791806
411,ER,82,6,Others,normal,er,340,101.50684931506746,-67.82492591778555,333.16629394980356
441,staff,105,6,Others,normal,staff,340,101.71232876712224,-69.01931913432794,332.9209119088703
476,management,40,6,Others,normal,manag,340,101.91780821917703,-70.21282466003065,332.6712480110955
494,stability,71,6,Others,positive,stabil,340,102.12328767123182,-71.40542714464188,332.4173054675271
498,humidity,107,6,Others,normal,humid,340,102.32876712328661,-72.5971112495245,332.1590875442431
525,ExoN,243,6,Others,normal,exon,340,102.5342465753414,-73.7878616478529,331.896597562309
526,motifs,147,6,Others,normal,motif,340,102.73972602739619,-74.97766302481033,331.6298388977355
535,passage,84,6,Others,normal,passag,340,102.94520547945098,-76.16650007778604,331.3588149814346
540,PDB,66,6,Others,normal,pdb,340,103.15068493150577,-77.35435751657172,331.0835292991761
542,adaptation,85,6,Others,normal,adapt,340,103.35616438356055,-78.54122006355837,330.80398539154226
544,HIV1,117,6,Others,normal,hiv1,340,103.56164383561534,-79.72707245393296,330.52018685388236
608,annotation,238,6,Others,normal,annot,340,103.76712328767013,-80.91189943587439,330.23213733626676
643,Matrix,61,6,Others,normal,matrix,340,103.97260273972492,-82.09568577074987,329.9398405434395
683,papers,94,6,Others,normal,paper,340,104.17808219177971,-83.27841623331084,329.64330023477106
688,NP,133,6,Others,normal,np,340,104.3835616438345,-84.460075611889,329.34252022420975
763,threat,23,6,Others,negative,threat,340,104.58904109588929,-85.6406487085916,329.03750438023263
767,platform,27,6,Others,normal,platform,340,104.79452054794407,-86.82012033949707,328.72825662579606
769,challenge,37,6,Others,normal,challeng,340,104.99999999999886,-87.99847533485053,328.41478093828493
804,CD4,108,6,Others,normal,cd4,340,105.20547945205365,-89.17569853925848,328.09708134946175
897,mNGS,57,6,Others,normal,mng,340,105.41095890410844,-90.35177481188403,327.7751619454143
924,transcriptome,51,6,Others,normal,transcriptom,340,105.61643835616323,-91.52668902664144,327.449026866504
990,survey,72,6,Others,normal,survey,340,105.82191780821802,-92.70042607239095,327.1186803073117
1015,extraction,82,6,Others,normal,extract,340,106.0273972602728,-93.87297085313276,326.7841265165842
1077,Singapore,115,6,Others,normal,singapor,340,106.2328767123276,-95.04430828820136,326.4453697971796
1083,Respondents,111,6,Others,normal,respond,340,106.43835616438238,-96.21442331245972,326.1024145060119
1098,mL,36,6,Others,normal,ml,340,106.64383561643717,-97.38330087649256,325.755265053995
1451,strand,113,6,Others,normal,strand,340,106.84931506849196,-98.55092594680032,325.4039259059858
1556,Sprotein,70,6,Others,normal,sprotein,340,107.05479452054675,-99.71728350599224,325.048401580727
2165,epidemiology,22,6,Others,normal,epidemiolog,340,107.26027397260154,-100.88235855297987,324.68869665078887
51,bonds,69,5,Others,normal,bond,341,107.46575342465633,-102.34627179759065,325.2787122594002
91,clades,82,5,Others,normal,clade,341,107.67123287671112,-103.51215589803378,324.90957754634
103,trimer,47,5,Others,normal,trimer,341,107.8767123287659,-104.6767086785837,324.53626401408354
181,Dengue,138,5,Others,normal,dengu,341,108.0821917808207,-105.8399151613638,324.15877646399656
209,ions,110,5,Others,normal,ion,341,108.28767123287548,-107.00176038581309,323.7771197511292
221,substrate,88,5,Others,normal,substrat,341,108.49315068493027,-108.16222940887815,323.3912987841528
225,routes,52,5,Others,normal,rout,341,108.69863013698506,-109.32130730520588,323.00131852529756
263,sexes,90,5,Others,normal,sex,341,108.90410958903985,-110.47897916733487,322.6071839902881
282,RaTG13,96,5,Others,normal,ratg13,341,109.10958904109464,-111.63523010588739,322.20890024827924
286,pangolins,80,5,Others,normal,pangolin,341,109.31506849314943,-112.79004524976114,321.80647242179083
291,homology,46,5,Others,normal,homolog,341,109.52054794520421,-113.94340974632003,321.3999056866418
323,CTD,283,5,Others,normal,ctd,341,109.726027397259,-115.09530876158546,320.9892052718834
337,stool,57,5,Others,normal,stool,341,109.93150684931379,-116.24572748042732,320.5743764597324
364,RTqPCR,39,5,Others,normal,rtqpcr,341,110.13698630136858,-117.39465110675404,320.15542458550266
372,services,32,5,Others,normal,servic,341,110.34246575342337,-118.54206486370327,319.73235503753693
373,UK,50,5,Others,normal,uk,341,110.54794520547816,-119.68795399383177,319.3051732571372
396,researcher,47,5,Others,normal,research,341,110.75342465753295,-120.83230375930546,318.8738847384949
431,tract,42,5,Others,normal,tract,341,110.95890410958773,-121.97509944208853,318.43849502862025
434,France,61,5,Others,normal,franc,341,111.16438356164252,-123.116326344133,317.9990097272709
477,throat,43,5,Others,normal,throat,341,111.36986301369731,-124.25596978756796,317.5554344868798
492,equilibrium,150,5,Others,normal,equilibrium,341,111.5753424657521,-125.3940151148879,317.10777501248253
560,microbiome,69,5,Others,normal,microbiom,341,111.78082191780689,-126.53044768914154,316.65603706164427
571,airways,89,5,Others,normal,airway,341,111.98630136986168,-127.6652528941199,316.2002264443851
593,plasma,80,5,Others,normal,plasma,341,112.19178082191647,-128.7984161345446,315.7403490231058
680,mix,67,5,Others,normal,mix,341,112.39726027397126,-129.92992283625523,315.2764107125123
705,RT,70,5,Others,normal,rt,341,112.60273972602604,-131.05975844639676,314.8084174795397
706,RNase,250,5,Others,normal,rnase,341,112.80821917808083,-132.18790843360725,314.336375343275
728,RTLAMP,70,5,Others,normal,rtlamp,341,113.01369863013562,-133.3143582882041,313.8602903748806
730,diarrhea,68,5,Others,normal,diarrhea,341,113.21917808219041,-134.43909352237094,313.3801686975154
740,HCoV19,65,5,Others,normal,hcov19,341,113.4246575342452,-135.562099670344,312.89601648625654
748,virion,69,5,Others,normal,virion,341,113.63013698629999,-136.68336228859832,312.4078399680197
760,failure,92,5,Others,negative,failur,341,113.83561643835478,-137.802866956033,311.9156454214791
817,CD,51,5,Others,normal,cd,341,114.04109589040957,-138.9205992741571,311.41943917698694
834,GenBank,76,5,Others,normal,genbank,341,114.24657534246435,-140.03654486727496,310.9192276164916
876,dose,49,5,Others,normal,dose,341,114.45205479451914,-141.15068938267052,310.4150171734558
933,RNAseq,65,5,Others,normal,rnaseq,341,114.65753424657393,-142.26301849079243,309.906814332774
947,Hand,180,5,Others,normal,hand,341,114.86301369862872,-143.37351788543805,309.3946256306886
952,IAV,138,5,Others,normal,iav,341,115.06849315068351,-144.4821732839377,308.87845765470627
973,metapopulation,62,5,Others,normal,metapopul,341,115.2739726027383,-145.58897042733835,308.3583170435129
1062,polyproteins,78,5,Others,normal,polyprotein,341,115.47945205479309,-146.69389508058643,307.83421048688837
1067,Supplemental,40,5,Others,normal,supplement,341,115.68493150684787,-147.7969330327119,307.3061447256206
1079,Shanghai,109,5,Others,normal,shanghai,341,115.89041095890266,-148.89807009701005,306.77412655141876
1211,nucleotides,75,5,Others,normal,nucleotid,341,116.09589041095745,-149.99729211122465,306.23816280682576
1246,pi,71,5,Others,normal,pi,341,116.30136986301224,-151.09458493773002,305.69826038513054
1260,dates,50,5,Others,normal,date,341,116.50684931506703,-152.1899344637122,305.15442623027934
1268,metagenome,56,5,Others,normal,metagenom,341,116.71232876712182,-153.2833266013514,304.6066673367861
1360,lockdown,77,5,Others,normal,lockdown,341,116.9178082191766,-154.37474728800268,304.05499074964274
1368,Base,68,5,Others,normal,base,341,117.1232876712314,-155.4641824863766,303.49940356422877
1390,extinction,31,5,Others,normal,extinct,341,117.32876712328618,-156.55161818472033,302.9399129262197
1403,ribosomes,145,5,Others,normal,ribosom,341,117.53424657534097,-157.6370403969976,302.37652603149496
1414,categories,148,5,Others,normal,categori,341,117.73972602739576,-158.7204351630683,301.80925012604604
1438,usage,91,5,Others,normal,usag,341,117.94520547945055,-159.80178854886844,301.2380925058827
1505,effort,19,5,Others,normal,effort,341,118.15068493150534,-160.8810866465894,300.66306051693914
1542,mosquitoes,154,5,Others,normal,mosquito,341,118.35616438356013,-161.9583155748562,300.0841615549799
1581,tumor,148,5,Others,normal,tumor,341,118.56164383561492,-163.03346147890682,299.5014030655045
1739,authorities,15,5,Others,normal,author,341,118.7671232876697,-164.10651053076967,298.9147925436518
1806,CRP,95,5,Others,normal,crp,341,118.9726027397245,-165.17744892944214,298.3243375341032
1808,predictors,63,5,Others,normal,predictor,341,119.17808219177928,-166.2462629010677,297.7300456309861
1810,scaling,71,5,Others,normal,scale,341,119.38356164383407,-167.31293869911275,297.1319244777763
1822,pockets,112,5,Others,normal,pocket,341,119.58904109588886,-168.37746260454415,296.52998176719893
2155,miRNAs,204,5,Others,normal,mirna,341,119.79452054794365,-169.43982092600535,295.92422524113033
index,label,count,number_of_blocks,topic,sentiment,stemmed_word,radius,theta,x,y
11,infection,4719,301,Topic 2,negative,infect,45,120.0,-22.49999999999999,38.97114317029974
119,cells,8830,228,Topic 2,normal,cell,118,120.70588235294117,-60.254480795347,101.45638247090797
24,holder,3065,225,Topic 2,normal,holder,121,121.41176470588235,-63.063370828066766,103.26669966548626
157,virus,3094,203,Topic 2,negative,viru,143,122.11764705882352,-76.02730381681232,121.11502414789882
42,proteins,5237,180,Topic 2,normal,protein,166,122.8235294117647,-89.98085717442653,139.49711589189022
87,gene,4113,114,Topic 2,normal,gene,232,123.52941176470587,-128.14867372683727,193.39575337129978
19,reuse,1228,98,Topic 2,normal,reus,248,124.23529411764704,-139.52300240171604,205.0300753567894
18,rights,1213,97,Topic 2,normal,right,249,124.94117647058822,-142.6110498800457,204.1153802438981
33,analysis,1033,91,Topic 2,normal,analysi,255,125.64705882352939,-148.61160272795593,207.21870459644373
185,host,1782,84,Topic 2,normal,host,262,126.35294117647057,-155.30249171418927,211.00980087987423
99,al,1833,82,Topic 2,normal,al,264,127.05882352941174,-159.09554400412358,210.67654800198332
20,permission,980,79,Topic 2,normal,permiss,267,127.76470588235291,-163.5161942141496,211.0721540841437
75,control,829,74,Topic 2,normal,control,272,128.4705882352941,-169.21468614824076,212.9563100538521
502,levels,1126,74,Topic 2,normal,level,272,129.17647058823528,-171.8253937008842,210.85548150222735
171,expression,1954,68,Topic 2,normal,express,278,129.88235294117646,-178.25730152373472,213.3268254427378
204,activity,1279,64,Topic 2,normal,activ,282,130.58823529411765,-183.4743606575963,214.15218649662737
408,response,1010,57,Topic 2,normal,respons,289,131.29411764705884,-190.71819057995086,217.13491608193638
218,sites,1184,56,Topic 2,normal,site,290,132.00000000000003,-194.04787584406898,215.51199938844422
150,interaction,1116,51,Topic 2,normal,interact,295,132.70588235294122,-200.07935961802414,216.77926527885776
287,strain,1405,51,Topic 2,negative,strain,295,133.4117647058824,-202.7348223609327,214.29790433478595
148,receptors,677,50,Topic 2,normal,receptor,296,134.1176470588236,-206.05564800502654,212.50192922707456
88,species,1118,43,Topic 2,normal,speci,303,134.82352941176478,-213.59244071256288,214.91223620457333
55,mutations,1001,40,Topic 2,normal,mutat,306,135.52941176470597,-218.36470724999657,214.36616950354664
208,replication,566,40,Topic 2,normal,replic,306,136.23529411764716,-220.9890538015952,211.65972243172686
345,targets,483,39,Topic 2,normal,target,307,136.94117647058835,-224.3105118183192,209.6038985510615
242,mice,1287,37,Topic 2,normal,mice,309,137.64705882352953,-228.35375542118408,208.17195388678573
53,functions,450,33,Topic 2,normal,function,313,138.35294117647072,-233.89004341709335,208.001075935559
163,factors,444,33,Topic 2,normal,factor,313,139.0588235294119,-236.43479596704555,205.1038450542104
430,type,461,29,Topic 2,normal,type,317,139.7647058823531,-241.99725562893022,204.75919580831092
675,primers,515,25,Topic 2,normal,primer,321,140.4705882352943,-247.58664591344555,204.3082298032317
501,temperature,413,23,Topic 2,normal,temperatur,323,141.17647058823547,-251.64302557179218,202.4963893037956
180,complexes,453,22,Topic 2,normal,complex,324,141.88235294117666,-254.90535992284921,199.99814369789212
650,peptides,780,22,Topic 2,normal,peptid,324,142.58823529411785,-257.3499242223934,196.84261861377578
266,differences,211,21,Topic 2,normal,differ,325,143.29411764705904,-260.5571422935224,194.2549242614794
664,concentration,381,21,Topic 2,normal,concentr,325,144.00000000000023,-262.9305231718586,191.03020699505277
716,membrane,580,19,Topic 2,normal,membran,327,144.70588235294142,-266.8963903404853,188.93204287049696
726,assays,258,18,Topic 2,normal,assay,328,145.4117647058826,-270.0269669956894,186.19730689542442
326,mutant,293,16,Topic 2,normal,mutant,330,146.1176470588238,-273.96073016913255,183.97151498315094
436,phase,432,16,Topic 2,normal,phase,330,146.82352941176498,-276.20640574955354,180.5824504842954
679,amplification,181,16,Topic 2,normal,amplif,330,147.52941176470617,-278.4101587851438,177.165977222578
219,cleavage,265,15,Topic 2,normal,cleavag,331,148.23529411764736,-281.4218719265032,174.24904591240335
493,conditions,321,15,Topic 2,normal,condit,331,148.94117647058854,-283.5472037729395,170.76880052441408
839,production,205,14,Topic 2,normal,product,332,149.64705882352973,-286.4924278895743,167.76796107104923
850,animals,178,14,Topic 2,normal,anim,332,150.35294117647092,-288.5375301734364,164.2257400087249
1023,diversity,160,14,Topic 2,normal,divers,332,151.0588235294121,-290.53883829723446,160.65859280129845
1096,surface,333,14,Topic 2,normal,surfac,332,151.7647058823533,-292.4960485028814,157.06706086955353
1398,translation,345,13,Topic 2,normal,translat,333,152.47058823529449,-295.2956374113816,153.91389321892234
232,variants,346,12,Topic 2,normal,variant,334,153.17647058823567,-298.0617948048156,150.71551505313587
496,correlation,191,12,Topic 2,normal,correl,334,153.88235294117686,-299.8959387615672,147.03205743754768
796,association,204,12,Topic 2,normal,associ,334,154.58823529411805,-301.684564581608,143.3262833300493
1173,mm,305,12,Topic 2,normal,mm,334,155.29411764705924,-303.4274007877219,139.59875519218343
532,pathways,254,11,Topic 2,normal,pathway,335,156.00000000000043,-306.0377283102723,136.25677543039083
749,particles,385,11,Topic 2,normal,particl,335,156.70588235294161,-307.6931402248852,132.47615430162938
97,presence,125,10,Topic 2,normal,presenc,336,157.4117647058828,-310.22513965144543,129.0595317217647
224,vector,200,10,Topic 2,normal,vector,336,158.117647058824,-311.7915661918101,125.22786930894459
582,form,78,10,Topic 2,normal,form,336,158.82352941176518,-313.3106690798645,121.37719983888087
1024,abundance,221,10,Topic 2,positive,abund,336,159.52941176470637,-314.7822177465214,117.50810776530109
2153,min,163,10,Topic 2,normal,min,336,160.23529411764756,-316.2059888404618,113.62118033811188
768,protection,91,9,Topic 2,positive,protect,337,160.94117647058874,-318.52695009019715,110.04354622710527
1782,synthesis,116,9,Topic 2,normal,synthesi,337,161.64705882352993,-319.8584761400997,106.1110514571092
410,stress,151,8,Topic 2,negative,stress,338,162.35294117647112,-322.09439614437986,102.46560385020575
599,fusion,233,8,Topic 2,normal,fusion,338,163.0588235294123,-323.33229379114994,98.48973444858862
773,experiments,160,8,Topic 2,normal,experi,338,163.7647058823535,-324.5211161366252,94.4989162976963
824,assembly,192,8,Topic 2,normal,assembl,338,164.47058823529468,-325.6606827416232,90.4937551229909
1033,fluorescence,196,8,Topic 2,normal,fluoresc,338,165.17647058823587,-326.75082064298624,86.47485882691598
1621,mechanism,77,8,Topic 2,normal,mechan,338,165.88235294117706,-327.7913643798341,82.4428373966281
276,lines,102,7,Topic 2,normal,line,339,166.58823529411825,-329.75488429092184,78.63025045286807
668,resistance,141,7,Topic 2,negative,resist,339,167.29411764705944,-330.69855714536885,74.56181530764411
678,minutes,60,7,Topic 2,normal,minut,339,168.00000000000063,-331.5920366487609,70.48206318721687
774,phage,311,7,Topic 2,normal,phage,339,168.7058823529418,-332.43518718898423,66.39161331542591
816,formation,113,7,Topic 2,normal,format,339,169.411764705883,-333.2278807928434,62.291086539813655
820,bacteria,154,7,Topic 2,normal,bacteria,339,170.1176470588242,-333.96999714548537,58.18110523739208
852,hours,49,7,Topic 2,normal,hour,339,170.82352941176538,-334.6614236086605,54.06229322017952
965,solution,73,7,Topic 2,normal,solut,339,171.52941176470657,-335.3020552378191,49.93527564051814
998,increase,50,7,Topic 2,normal,increas,339,172.23529411764775,-335.8917947980395,45.8006788961881
1205,mouse,135,7,Topic 2,normal,mous,339,172.94117647058894,-336.43055277878676,41.65913053533398
1397,evidence,77,7,Topic 2,normal,evid,339,173.64705882353013,-336.91824740749826,37.51125916121453
339,water,159,6,Topic 2,normal,water,340,174.35294117647132,-338.34995157840234,33.45609461507426
423,flow,89,6,Topic 2,normal,flow,340,175.0588235294125,-338.7364419344664,29.285199428685235
562,core,81,6,Topic 2,normal,core,340,175.7647058823537,-339.0715189511683,25.10985934145275
1088,mass,84,6,Topic 2,normal,mass,340,176.47058823529488,-339.3551317705953,20.930708085536025
690,polymerase,162,5,Topic 2,normal,polymeras,341,177.17647058823607,-340.5860233382531,16.797639912646
901,protocol,54,5,Topic 2,normal,protocol,341,177.88235294117726,-340.767117508771,12.600461291693723
936,error,82,5,Topic 2,negative,error,341,178.58823529411845,-340.8964901244543,8.401370175620578
2412,background,76,5,Topic 2,normal,background,341,179.29411764705964,-340.9741215491573,4.201003901511493
index,label,count,number_of_blocks,topic,sentiment,stemmed_word,radius,theta,x,y
7,patients,7959,260,Topic 4,normal,patient,86,180.0,-86.0,1.0531962472667237e-14
12,study,3819,239,Topic 4,normal,studi,107,181.25,-106.97453689755028,-2.334192698698024
23,perpetuity,1813,142,Topic 4,normal,perpetu,204,182.5,-203.805837202699,-8.89835502252851
139,samples,1887,96,Topic 4,normal,sampl,250,183.75,-249.46473080965086,-16.350782307535717
17,group,1810,93,Topic 4,normal,group,253,185.0,-252.03725861721162,-22.05040291515746
427,respiratory,708,89,Topic 4,normal,respiratori,257,186.25,-255.47247892313615,-27.978786836954832
200,hospitals,781,67,Topic 4,normal,hospit,279,187.5,-276.6131163232931,-36.41680762939432
211,treatment,905,64,Topic 4,normal,treatment,282,188.75,-278.7179459519085,-42.89879490555655
13,test,761,62,Topic 4,normal,test,284,190.0,-279.6854018554671,-49.31608245740826
16,detection,841,57,Topic 4,normal,detect,289,191.25,-283.4469460365336,-56.3811030626611
657,pneumonia,562,52,Topic 4,normal,pneumonia,294,192.5,-287.03102609326044,-63.63324649780226
127,risk,732,41,Topic 4,negative,risk,305,193.75,-296.25933129304474,-72.49419715948281
201,diagnosis,316,29,Topic 4,normal,diagnosi,317,195.0,-306.1984869336347,-82.0456372974991
142,mortality,336,24,Topic 4,normal,mortal,322,196.25,-309.13605311226905,-90.10494251797944
192,score,352,24,Topic 4,normal,score,322,197.5,-307.0968581409291,-96.82726744037592
241,lung,498,24,Topic 4,normal,lung,322,198.75,-304.91150169742406,-103.50350782761801
489,admission,271,24,Topic 4,normal,admiss,322,200.0,-302.58102389306254,-110.13048615086531
724,sensitivity,262,24,Topic 4,normal,sensit,322,201.25,-300.1065339090611,-116.70504832735189
136,severity,229,22,Topic 4,negative,sever,324,202.5,-299.33696853365694,-123.98943208628906
144,outcomes,219,22,Topic 4,normal,outcom,324,203.75,-296.5609192347009,-130.4899275142308
145,features,441,22,Topic 4,normal,featur,324,205.0,-293.6437229998746,-136.92831680398658
327,children,501,22,Topic 4,normal,children,324,206.25,-290.58676825659103,-143.30153563095635
420,areas,254,21,Topic 4,normal,area,325,207.5,-288.2785207829221,-150.06829930138596
138,blood,238,20,Topic 4,normal,blood,326,208.75,-285.8129223606475,-156.8023386677203
160,years,180,19,Topic 4,normal,year,327,210.0,-283.19030703751145,-163.50000000000003
191,participants,422,18,Topic 4,normal,particip,328,211.25,-280.41109358072646,-170.15762867665106
25,characteristics,118,17,Topic 4,normal,characterist,329,212.5,-277.4757856724394,-176.77157114610506
246,care,250,17,Topic 4,normal,care,329,213.75,-273.55350244753737,-182.78260666344914
884,count,255,17,Topic 4,normal,count,329,215.0,-269.5010225710783,-188.7066475594942
371,illness,157,16,Topic 4,negative,ill,330,216.25,-266.12671940826925,-195.13218395998217
188,family,157,15,Topic 4,normal,famili,331,217.5,-262.5999556363988,-201.50003300188655
623,fever,148,15,Topic 4,negative,fever,331,218.75,-258.1417639037439,-207.18066929292357
176,findings,99,13,Topic 4,normal,find,333,220.0,-255.09279955861967,-214.04827402561756
363,serum,150,13,Topic 4,normal,serum,333,221.25,-250.3626558904995,-219.56215642832294
449,injury,227,13,Topic 4,negative,injuri,333,222.5,-245.51335315777132,-224.97153913601483
762,variables,169,13,Topic 4,normal,variabl,333,223.75,-240.54719936589862,-230.27384757549567
62,history,105,11,Topic 4,normal,histori,335,225.0,-236.8807716974935,-236.8807716974934
725,specificity,112,11,Topic 4,normal,specif,335,226.25,-231.65687368706028,-241.99192729001808
900,quality,76,9,Topic 4,normal,qualiti,337,227.5,-227.67389996647753,-248.46246250501173
484,recovery,67,8,Topic 4,positive,recoveri,338,228.75,-222.85888550382333,-254.1218549278943
189,members,76,7,Topic 4,normal,member,339,230.0,-217.9049996837369,-259.6890662173335
461,novel,20,7,Topic 4,normal,novel,339,231.25,-212.18805707039598,-264.38083976848696
1185,liver,166,7,Topic 4,normal,liver,339,232.5,-206.3701244339564,-268.9467823587286
264,male,51,6,Topic 4,normal,male,340,233.75,-201.04528044361797,-274.1911654509441
801,center,40,6,Topic 4,normal,center,340,235.0,-195.01598835935576,-278.51169505825715
1785,nt,108,6,Topic 4,normal,nt,340,236.25,-188.89387922666475,-282.69966818286537
919,body,36,5,Topic 4,normal,bodi,341,237.5,-183.21916644626705,-287.596483022194
1156,chest,35,5,Topic 4,normal,chest,341,238.75,-176.90168103273783,-291.5249478994748
index,label,count,number_of_blocks,topic,sentiment,stemmed_word,radius,theta,x,y
76,model,6421,250,Topic 1,normal,model,96,240.0,-48.00000000000004,-83.13843876330608
199,disease,2949,233,Topic 1,normal,diseas,113,240.82191780821918,-55.09040383525378,-98.66127611818456
74,time,3548,208,Topic 1,normal,time,138,241.64383561643837,-65.54324794525293,-121.44168414834792
60,transmission,3123,161,Topic 1,normal,transmiss,185,242.46575342465755,-85.52156150570679,-164.0459158821871
100,population,1907,127,Topic 1,normal,popul,219,243.28767123287673,-98.44295755336549,-195.6271558555874
71,individuals,1722,86,Topic 1,normal,individu,260,244.10958904109592,-113.52932030857647,-233.90402610958333
65,estimates,1392,84,Topic 1,normal,estim,262,244.9315068493151,-111.0097636375181,-237.3201052948156
8,methods,1174,79,Topic 1,normal,method,267,245.75342465753428,-109.64738263801884,-243.44701986393648
123,parameters,1016,74,Topic 1,normal,paramet,272,246.57534246575347,-108.13164548485494,-249.5827462881552
79,distribution,1104,59,Topic 1,normal,distribut,287,247.39726027397265,-110.30542719682681,-264.95605811327573
235,systems,894,57,Topic 1,normal,system,289,248.21917808219183,-107.23548205913184,-268.36831293493947
251,pathogen,745,50,Topic 1,normal,pathogen,296,249.04109589041101,-105.87867869460499,-276.41581973158594
154,age,982,47,Topic 1,normal,age,299,249.8630136986302,-102.93548586780491,-280.72279164535064
566,reads,1115,38,Topic 1,normal,read,308,250.68493150684938,-101.87487958043549,-290.66391057451864
409,changes,411,36,Topic 1,normal,chang,310,251.50684931506856,-98.32929946262257,-293.9920898037733
506,approach,356,36,Topic 1,normal,approach,310,252.32876712328775,-94.10195990730948,-295.3723432239436
64,probability,507,35,Topic 1,normal,probabl,311,253.15068493150693,-90.14511167487305,-297.6488851669441
78,intervention,804,35,Topic 1,normal,intervent,311,253.9726027397261,-85.86615863331238,-298.91136278428564
131,incidence,651,33,Topic 1,normal,incid,313,254.7945205479453,-82.09409894938184,-302.04231312465
285,dataset,622,31,Topic 1,normal,dataset,315,255.61643835616448,-78.24977593454958,-305.1261584430165
510,size,479,31,Topic 1,normal,size,315,256.43835616438366,-73.8647877146785,-306.21723193815444
567,set,510,31,Topic 1,normal,set,315,257.2602739726028,-69.46459956710895,-307.24529191995964
172,network,605,27,Topic 1,normal,network,319,258.082191780822,-65.87615019574011,-312.12390622217373
52,processes,424,26,Topic 1,normal,process,320,258.9041095890411,-61.58450623066542,-314.018070486915
92,dynamics,306,26,Topic 1,normal,dynam,320,259.7260273972603,-57.073681071659735,-314.8691711313295
262,weeks,623,26,Topic 1,normal,week,320,260.54794520547944,-52.551111266083,-315.6554778626529
102,development,180,23,Topic 1,normal,develop,323,261.3698630136986,-48.467893665323075,-319.3428616450459
377,strategies,231,23,Topic 1,normal,strategi,323,262.19178082191775,-43.88203565249602,-320.0052608114327
175,simulations,426,21,Topic 1,normal,simul,325,263.0136986301369,-39.530411647225755,-322.5869596790932
178,events,263,20,Topic 1,normal,event,326,263.83561643835606,-35.00631901251786,-324.11503764742827
684,influenza,290,20,Topic 1,normal,influenza,326,264.6575342465752,-30.353390726630806,-324.58384382374373
875,effects,421,20,Topic 1,normal,effect,326,265.47945205479436,-25.69421630698067,-324.9858569974547
497,patterns,177,19,Topic 1,normal,pattern,327,266.3013698630135,-21.094262969927573,-326.3189116029832
871,values,230,19,Topic 1,normal,valu,327,267.1232876712327,-16.41115223195376,-326.5879270310212
438,surveillance,315,18,Topic 1,normal,surveil,328,267.94520547945183,-11.760519642848044,-327.7890940494058
504,range,240,17,Topic 1,normal,rang,329,268.767123287671,-7.078796056518696,-328.9238371513841
772,evolution,208,17,Topic 1,normal,evolut,329,269.58904109589014,-2.359760549686703,-328.9915371710162
415,selection,445,16,Topic 1,normal,select,330,270.4109589041093,2.3669330741504906,-329.9915114481318
630,curve,171,16,Topic 1,normal,curv,330,271.23287671232845,7.100312153951578,-329.923605653364
687,immunity,507,16,Topic 1,normal,immun,330,272.0547945205476,11.832230128471823,-329.78780803751204
529,fitness,465,15,Topic 1,normal,fit,331,272.87671232876676,16.611900271485013,-330.58288638308284
331,prevalence,211,14,Topic 1,normal,preval,332,273.6986301369859,21.416805217170815,-331.30849740731037
644,order,98,14,Topic 1,normal,order,332,274.52054794520507,26.167115993608864,-330.9671917888192
574,generation,383,13,Topic 1,normal,gener,333,275.3424657534242,31.005150650205408,-331.55343556229076
1107,variation,229,13,Topic 1,normal,variat,333,276.1643835616434,35.757988439163654,-331.0745629956863
727,step,116,12,Topic 1,normal,step,334,276.98630136986253,40.62509996976095,-331.5201370240531
267,reduction,180,11,Topic 1,normal,reduct,335,277.8082191780817,45.51232799871541,-331.8940011511768
475,duration,100,11,Topic 1,normal,durat,335,278.63013698630084,50.26855844545556,-331.2069927278345
499,behavior,220,11,Topic 1,normal,behavior,335,279.45205479452,55.014444606677294,-330.45182838746535
795,analyses,116,11,Topic 1,normal,analys,335,280.27397260273915,59.749009871890436,-329.6286635281112
310,impact,137,10,Topic 1,normal,impact,336,281.0958904109583,64.66373154219535,-329.7189740112614
376,location,143,10,Topic 1,normal,locat,336,281.91780821917746,69.3867914287386,-328.7574686227291
596,density,285,10,Topic 1,normal,densiti,336,282.7397260273966,74.09557287157985,-327.72831138129095
700,healthcare,157,9,Topic 1,normal,healthcar,337,283.56164383561577,79.02359828522415,-327.6038322639946
938,coverage,144,9,Topic 1,normal,coverag,337,284.3835616438349,83.71483965061005,-326.4365568104661
1453,performance,125,9,Topic 1,normal,perform,337,285.2054794520541,88.38885414038516,-325.2021071022599
128,fraction,142,8,Topic 1,normal,fraction,338,286.02739726027323,93.32077690694013,-324.8618669488389
509,result,37,8,Topic 1,normal,result,338,286.8493150684924,97.97121461770382,-323.48978516536164
653,accuracy,123,8,Topic 1,normal,accuraci,338,287.67123287671154,102.60149176990106,-322.0511355151398
654,training,140,8,Topic 1,normal,train,338,288.4931506849307,107.21065554311342,-320.54621404411546
61,series,79,7,Topic 1,normal,seri,339,289.31506849314985,112.12852005768274,-319.9190444310464
406,term,61,7,Topic 1,normal,term,339,290.136986301369,116.7061194287109,-318.2776801597804
414,window,196,7,Topic 1,normal,window,339,290.95890410958816,121.25970296442475,-316.57082057097347
1106,pandemic,37,7,Topic 1,normal,pandem,339,291.7808219178073,125.78833362645081,-314.79881690292405
1118,status,152,7,Topic 1,normal,statu,339,292.60273972602647,130.29107951122958,-312.96203379930677
1160,volume,133,7,Topic 1,normal,volum,339,293.4246575342456,134.76701404178132,-311.0608492341367
386,limit,65,6,Topic 1,negative,limit,340,294.2465753424648,139.62588051282765,-310.00744102523987
569,pairs,135,6,Topic 1,normal,pair,340,295.06849315068393,144.05847189601056,-307.97265572609905
1479,work,36,6,Topic 1,positive,work,340,295.8904109589031,148.46141886505626,-305.8744956817654
2045,monitoring,186,6,Topic 1,normal,monitor,340,296.71232876712224,152.83381537964894,-303.71339265251277
174,potential,14,5,Topic 1,normal,potenti,341,297.5342465753414,157.63704039699974,-302.3765260314939
568,relationship,76,5,Topic 1,normal,relationship,341,298.35616438356055,161.9583155748584,-300.0841615549788
652,input,74,5,Topic 1,normal,input,341,299.1780821917797,166.2462629010699,-297.7300456309849
index,label,count,number_of_blocks,topic,sentiment,stemmed_word,radius,theta,x,y
26,coronavirus,1349,171,Topic 5,normal,coronaviru,175,300.0,87.50000000000001,-151.55444566227675
152,sequences,4324,166,Topic 5,normal,sequenc,180,302.5,96.7139295024283,-151.81046024631942
54,structure,1374,63,Topic 5,normal,structur,283,305.0,162.32213148734604,-231.82002853378467
378,drug,1037,43,Topic 5,normal,drug,303,307.5,184.45471298964233,-240.38606210824426
101,antibodies,738,37,Topic 5,normal,antibodi,309,310.0,198.62137139314063,-236.70773292376424
289,coronaviruses,288,36,Topic 5,normal,coronavirus,310,312.5,209.43296436085464,-228.5559744111385
15,acid,532,34,Topic 5,normal,acid,312,315.0,220.61731573020276,-220.61731573020288
49,domains,683,31,Topic 5,normal,domain,315,317.5,232.242361095189,-212.81091539893305
41,residues,460,25,Topic 5,normal,residu,321,320.0,245.90026624119187,-206.3348227093792
118,spike,458,25,Topic 5,normal,spike,321,322.5,254.66642223348643,-195.4124187117994
578,protease,499,25,Topic 5,normal,proteas,321,325.0,262.9478062167663,-184.1180360686859
580,inhibitors,367,23,Topic 5,normal,inhibitor,323,327.5,272.41543699756204,-173.54777349602423
149,epitopes,663,18,Topic 5,normal,epitop,328,330.0,284.0563324412958,-164.00000000000014
732,entry,225,16,Topic 5,normal,entri,330,332.5,292.7135749488132,-152.3770423675611
236,recombination,367,15,Topic 5,normal,recombin,331,335.0,299.9878775091312,-139.88664463617144
290,amino,243,15,Topic 5,normal,amino,331,337.5,305.8041252612359,-126.66821611284465
147,molecules,179,14,Topic 5,normal,molecul,332,340.0,311.9779501009216,-113.55068758412197
671,class,169,13,Topic 5,normal,class,333,342.5,317.5877445991596,-100.1350312349229
743,energy,302,11,Topic 5,normal,energi,335,345.0,323.58515180683787,-86.70438010934443
440,chain,132,9,Topic 5,normal,chain,337,347.5,329.01175439941755,-72.94014989714067
1174,design,104,9,Topic 5,normal,design,337,350.0,331.8802127651141,-58.51943587375554
107,affinity,104,8,Topic 5,positive,affin,338,352.5,335.1083631443479,-44.11785297037747
1049,similarity,91,8,Topic 5,normal,similar,338,355.0,336.71380795501,-29.45864104870851
288,identity,56,5,Topic 5,normal,ident,341,357.5,340.6754435594135,-14.874211091579642
