index,label,count,number_of_blocks,topic,sentiment,stemmed_word,radius,theta,x,y,zone,font_size
9,cases,8226,336,Topic 2,normal,case,10,0,10.0,0.0,0,2
78,infections,4719,301,Topic 2,negative,infect,45,0.4918032786885246,44.99834225614695,0.38625664869391746,1,13
31,data,5343,293,Topic 2,normal,data,53,0.9836065573770492,52.992190328366426,0.9098154769994906,1,15
84,license,5304,276,Topic 2,normal,licens,70,1.4754098360655736,69.97679272600192,1.8023539558491988,2,20
11,patient,7959,260,Topic 2,positive,patient,86,1.9672131147540983,85.94931454511345,2.9521736441389406,2,24
26,numbers,5194,257,Topic 2,normal,number,89,2.459016393442623,88.91804585366526,3.818523479760341,2,25
62,model,6421,250,Topic 2,normal,model,96,2.9508196721311477,95.87271262894373,4.941960457953268,2,27
155,holder,3065,225,Topic 2,normal,holder,121,3.4426229508196724,120.7816474002254,7.265923980308744,3,34
82,time,3548,208,Topic 2,normal,time,138,3.934426229508197,137.67476597266887,9.4688338442945,3,39
86,rate,2816,163,Topic 2,normal,rate,183,4.426229508196721,182.4542073400804,14.123109569176284,5,52
29,transmission,3123,161,Topic 2,normal,transmiss,185,4.918032786885246,184.31889723781998,15.860142528803454,5,53
4,outbreaks,2184,159,Topic 2,normal,outbreak,187,5.409836065573771,186.16706351465913,17.630214472004376,5,54
167,perpetuity,1813,142,Topic 2,normal,perpetu,204,5.901639344262295,202.91877462537616,20.975483416021525,5,58
30,population,1907,127,Topic 2,normal,popul,219,6.39344262295082,217.63796673624117,24.38678812215313,6,63
191,days,1595,116,Topic 2,normal,day,230,6.885245901639345,228.3412963873842,27.572674228822265,6,66
67,health,850,104,Topic 2,normal,health,242,7.3770491803278695,239.99688714093656,31.07240194546533,6,69
37,individuals,1722,86,Topic 2,normal,individu,260,7.868852459016394,257.55184921902725,35.59557506010357,7,75
43,estimates,1392,84,Topic 2,normal,estim,262,8.360655737704919,259.21557221115694,38.095762536566745,7,75
151,period,1438,83,Topic 2,normal,period,263,8.852459016393443,259.8671166719533,40.473221673168254,7,76
68,symptoms,1016,77,Topic 2,negative,symptom,269,9.344262295081966,265.430525834923,43.67649201797545,7,77
448,provinces,1094,76,Topic 2,normal,provinc,270,9.83606557377049,266.03115192524945,46.12403067084293,7,78
87,parameters,1016,74,Topic 2,normal,paramet,272,10.327868852459014,267.59304282799644,48.76436639652009,7,78
458,measures,818,68,Topic 2,normal,measur,278,10.819672131147538,273.0579541578297,52.18576119154123,8,80
152,hospitalization,781,67,Topic 2,normal,hospit,279,11.311475409836062,273.5805349436169,54.72376905846694,8,80
8,countries,1220,66,Topic 2,normal,countri,280,11.803278688524586,274.0795918267002,57.27457851533621,8,80
114,cities,1200,61,Topic 2,normal,citi,285,12.29508196721311,278.46319909775497,60.68975818244845,8,82
247,distribution,1104,59,Topic 2,normal,distribut,287,12.786885245901633,279.8824115501952,63.52035661775811,8,82
147,epidemics,590,57,Topic 2,normal,epidem,289,13.278688524590157,281.27340399941056,66.37975747608888,8,83
111,spreading,494,54,Topic 2,normal,spread,292,13.77049180327868,283.60704384402277,69.50571690195376,8,84
540,death,866,54,Topic 2,negative,death,292,14.262295081967205,282.99999510826206,71.93749209364786,8,84
240,pneumonia,562,52,Topic 2,normal,pneumonia,294,14.754098360655728,284.30615108864816,74.8733093509212,8,84
28,contacts,1474,49,Topic 2,normal,contact,297,15.245901639344252,286.5474223782681,78.09977418898482,8,85
193,people,539,47,Topic 2,normal,peopl,299,15.737704918032776,287.7915253197047,81.09893929120005,8,86
263,growth,730,41,Topic 2,normal,growth,305,16.2295081967213,292.84571146983853,85.24311862974082,8,88
109,reproduction,576,39,Topic 2,normal,reproduct,307,16.721311475409827,294.01867178965557,88.3290475384332,8,88
248,interval,782,37,Topic 2,normal,interv,309,17.213114754098353,295.1600911017212,91.44135071631239,8,89
323,probability,507,35,Topic 2,normal,probabl,311,17.70491803278688,296.269603429852,94.57971285385801,8,89
432,intervention,804,35,Topic 2,normal,intervent,311,18.196721311475404,295.4468660512898,97.11925319148212,8,89
367,incidence,651,33,Topic 2,normal,incid,313,18.68852459016393,296.4969098294984,100.29248457166817,9,90
150,incubation,610,31,Topic 2,normal,incub,315,19.180327868852455,297.5141070668533,103.4908503019129,9,91
658,reports,405,30,Topic 2,normal,report,316,19.67213114754098,297.55646966028377,106.37738182202362,9,91
568,diagnosis,316,29,Topic 2,normal,diagnosi,317,20.163934426229506,297.57112999603635,109.272240724175,9,91
190,travel,817,28,Topic 2,normal,travel,318,20.65573770491803,297.55794845487696,112.17516352261214,9,91
74,scenarios,421,27,Topic 2,normal,scenario,319,21.147540983606557,297.5167879048843,115.08588495015388,9,92
262,weeks,623,26,Topic 2,normal,week,320,21.639344262295083,297.44751372172806,118.00413798152327,9,92
331,onset,408,25,Topic 2,normal,onset,321,22.13114754098361,297.3499938087299,120.92965385689442,9,92
256,admission,271,24,Topic 2,normal,admiss,322,22.622950819672134,297.2240986167047,123.8621621056544,9,93
609,mortality,336,24,Topic 2,normal,mortal,322,23.11475409836066,296.1499807265408,126.40881660576335,9,93
489,strategies,231,23,Topic 2,normal,strategi,323,23.606557377049185,295.97036014930256,129.3466115253591,9,93
255,severity,229,22,Topic 2,negative,sever,324,24.09836065573771,295.7620586374519,132.29060688702148,9,93
77,exposures,393,21,Topic 2,normal,exposur,325,24.590163934426236,295.5249567699766,135.24052619722923,9,93
710,peak,294,21,Topic 2,normal,peak,325,25.081967213114762,294.3532355011532,137.77217698070476,9,93
80,quarantine,414,20,Topic 2,normal,quarantin,326,25.573770491803288,294.06185725745905,140.72534990645354,9,94
261,surveillance,315,18,Topic 2,normal,surveil,328,26.065573770491813,294.63969450995893,144.1230391681985,9,94
339,government,138,18,Topic 2,normal,govern,328,26.55737704918034,293.3917629710449,146.64676409911743,9,94
546,trend,264,18,Topic 2,normal,trend,328,27.049180327868864,292.1222150591708,149.15968446240277,9,94
484,counts,255,17,Topic 2,normal,count,329,27.54098360655739,291.71782462948147,152.12399808525646,9,95
1422,characteristics,118,17,Topic 2,normal,characterist,329,28.032786885245915,290.40132464910505,154.62234845598834,9,95
202,point,264,16,Topic 2,normal,point,330,28.52459016393444,289.9420408688589,157.58684252437118,9,95
1013,illness,157,16,Topic 2,negative,ill,330,29.016393442622967,288.57871608424307,160.06974924441482,9,95
1217,curve,171,16,Topic 2,normal,curv,330,29.508196721311492,287.1941295399512,162.54086242477536,9,95
451,proportion,147,15,Topic 2,normal,proport,331,30.000000000000018,286.6544086526491,165.50000000000009,9,95
597,fever,148,15,Topic 2,negative,fever,331,30.491803278688543,285.2232825428105,167.95439588026292,9,95
337,stage,178,14,Topic 2,normal,stage,332,30.98360655737707,284.6284565213423,170.91121010126392,9,95
27,ratio,136,13,Topic 2,normal,ratio,333,31.475409836065595,284.00382235691916,173.87014949858278,9,96
324,delay,298,13,Topic 2,negative,delay,333,31.96721311475412,282.50094887149714,176.30148577565578,9,96
198,forecast,270,12,Topic 2,normal,forecast,334,32.459016393442646,281.8210369809439,179.2565287931947,9,96
545,prevention,88,12,Topic 2,normal,prevent,334,32.95081967213117,280.27201002183546,181.66893074579417,9,96
321,reduction,180,11,Topic 2,normal,reduct,335,33.44262295081969,279.5367714441388,184.61904942499112,9,96
569,history,105,11,Topic 2,normal,histori,335,33.93442622950821,277.9417995401273,187.01164687899973,9,96
606,fatality,106,11,Topic 2,normal,fatal,335,34.426229508196734,276.32634957790714,189.39046578153892,9,96
725,air,96,11,Topic 2,normal,air,335,34.918032786885256,274.6905405798003,191.755330867168,9,96
886,duration,100,11,Topic 2,normal,durat,335,35.40983606557378,273.0344930681318,194.10606789852886,9,96
81,compartments,143,10,Topic 2,normal,compart,336,35.9016393442623,272.16835391920443,197.02889921255377,9,97
113,progression,97,10,Topic 2,normal,progress,336,36.39344262295082,270.4671337476178,199.35779283074993,9,97
488,containment,104,10,Topic 2,normal,contain,336,36.885245901639344,268.74598623254576,201.67199826425173,9,97
677,sources,98,10,Topic 2,normal,sourc,336,37.377049180327866,267.00503818384203,203.97134500817768,9,97
726,transportation,186,10,Topic 2,normal,transport,336,37.86885245901639,265.24441787021465,206.25566365239757,9,97
869,situation,81,10,Topic 2,normal,situat,336,38.36065573770491,263.4642550097747,208.524785894014,9,97
1708,person,118,10,Topic 2,normal,person,336,38.85245901639343,261.6646807604796,210.7785445497627,9,97
1738,location,143,10,Topic 2,normal,locat,336,39.344262295081954,259.8458277104693,213.01677356832982,9,97
326,movement,101,9,Topic 2,normal,movement,337,39.836065573770476,258.7757103143343,215.87990122128494,9,97
590,cough,49,9,Topic 2,normal,cough,337,40.327868852459,256.9131762919076,218.09314488906617,9,97
1431,concerns,25,9,Topic 2,negative,concern,337,40.81967213114752,255.03171354775796,220.2903199981659,9,97
1717,migration,176,9,Topic 2,normal,migrat,337,41.31147540983604,253.13146070336532,222.47126466620497,9,97
76,policies,97,8,Topic 2,normal,polici,338,41.803278688524564,251.95799562148554,225.30239333483226,9,97
556,beds,132,8,Topic 2,normal,bed,338,42.295081967213086,250.01483497235887,227.4567701646714,9,97
603,recovery,67,8,Topic 2,positive,recoveri,338,42.78688524590161,248.05325385408344,229.59438854728492,9,97
1105,mobility,153,8,Topic 2,normal,mobil,338,43.27868852459013,246.073396791061,231.7150909882847,9,97
156,increase,50,7,Topic 2,normal,increas,339,43.77049180327865,244.79752625082955,234.5104926042211,9,97
264,pandemic,37,7,Topic 2,normal,pandem,339,44.262295081967174,242.77559183857952,236.6030684657903,9,97
298,evidence,77,7,Topic 2,normal,evid,339,44.754098360655696,240.7357703265498,238.67821200369895,9,97
322,volume,133,7,Topic 2,normal,volum,339,45.24590163934422,238.67821200369926,240.73577032654947,9,97
342,assumption,68,7,Topic 2,normal,assumpt,339,45.73770491803274,236.60306846579064,242.77559183857915,9,97
539,importations,189,7,Topic 2,normal,import,339,46.22950819672126,234.51049260422144,244.79752625082915,9,97
633,status,152,7,Topic 2,normal,statu,339,46.721311475409784,232.4006385947593,246.80142459221764,9,97
669,panel,111,7,Topic 2,normal,panel,339,47.21311475409831,230.2736618861826,248.7871392205153,9,97
732,comorbidities,152,7,Topic 2,normal,comorbid,339,47.70491803278683,228.1297191888276,250.75452383322352,9,97
882,uncertainty,102,7,Topic 2,normal,uncertainti,339,48.19672131147535,225.9689684630422,252.7034334783535,9,97
1233,articles,62,7,Topic 2,normal,articl,339,48.68852459016387,223.79156890754783,254.633724565106,9,97
1415,residents,96,7,Topic 2,normal,resid,339,49.180327868852395,221.59768094771027,256.54525487445056,9,97
1501,series,79,7,Topic 2,normal,seri,339,49.67213114754092,219.38746622371974,258.4378835696041,9,97
1715,traffic,154,7,Topic 2,normal,traffic,339,50.16393442622944,217.1610875786817,260.31147120640713,9,97
203,staff,105,6,Topic 2,normal,staff,340,50.65573770491796,215.5526875393818,262.9392304213079,9,98
447,humidity,107,6,Topic 2,normal,humid,340,51.14754098360648,213.28781293726024,264.77973648381834,9,98
645,infectiousness,114,6,Topic 2,normal,infecti,340,51.639344262295005,211.00722382132415,266.6007342360812,9,98
672,management,40,6,Topic 2,normal,manag,340,52.13114754098353,208.7110882196884,268.4020895115264,9,98
676,household,101,6,Topic 2,normal,household,340,52.62295081967205,206.3995753058945,270.18366959079225,9,98
787,respondents,111,6,Topic 2,normal,respond,340,53.11475409836057,204.0728553864456,271.9453432115043,9,98
1028,epidemiologic,22,6,Topic 2,normal,epidemiolog,340,53.60655737704909,201.73109988825928,273.6869805779463,9,98
1092,tracing,117,6,Topic 2,normal,trace,340,54.098360655737615,199.37448134603696,275.40845337062325,9,98
1224,monitoring,186,6,Topic 2,normal,monitor,340,54.59016393442614,197.0031733895521,277.10963475571555,9,98
1312,paper,94,6,Topic 2,normal,paper,340,55.08196721311466,194.61735073085754,278.7903993944239,9,98
1752,centers,40,6,Topic 2,normal,center,340,55.57377049180318,192.21718915141307,280.45062345220396,9,98
1879,coefficient,60,6,Topic 2,normal,coeffici,340,56.0655737704917,189.80286548913452,282.0901846078901,9,98
2164,women,126,6,Topic 2,normal,women,340,56.557377049180225,187.37455762536456,283.7089620627077,9,98
477,pi,71,5,Topic 2,normal,pi,341,57.04918032786875,185.47636342609567,286.14597430372993,9,98
504,researches,47,5,Topic 2,normal,research,341,57.54098360655727,183.01340215113626,287.727465899706,9,98
565,dates,50,5,Topic 2,normal,date,341,58.03278688524579,180.53695690540172,289.2877584539953,9,98
1743,effort,19,5,Topic 2,normal,effort,341,58.52459016393431,178.04721014719783,290.8267370081361,9,98
1877,routes,52,5,Topic 2,normal,rout,341,59.016393442622835,175.54434531485285,292.344288174029,9,98
1921,lockdown,77,5,Topic 2,normal,lockdown,341,59.50819672131136,173.02854681320193,293.84030014229086,9,98
16,COVID19,4726,305,Topic 6,normal,covid19,41,60.0,20.500000000000004,35.50704155516198,1,11
83,authorfunder,3293,241,Topic 6,normal,authorfund,105,60.50847457627118,51.690956210437115,91.3949946444042,3,30
32,China,2326,195,Topic 6,normal,china,151,61.52542372881355,71.9920824179284,132.733341964746,4,43
19,SARSCoV2,2861,161,Topic 6,normal,sarscov2,185,62.03389830508473,86.7555827887215,163.39666108886465,5,53
107,Wuhan,2439,156,Topic 6,normal,wuhan,190,62.54237288135592,87.60757527537196,168.59689426074857,5,54
21,RNA,3140,123,Topic 6,normal,rna,223,63.55932203389828,99.2954308975631,199.673276636778,6,64
154,International,1280,110,Topic 6,normal,intern,236,64.06779661016947,103.20452762828998,212.23766272040768,6,68
108,January,1026,77,Topic 6,normal,januari,269,65.08474576271183,113.3235901536644,243.96467759633626,7,77
23,Controls,829,74,Topic 6,normal,control,272,65.59322033898302,112.393714528999,247.69265821653633,7,78
47,SARSCoV,1017,65,Topic 6,normal,sarscov,281,66.1016949152542,113.8371860990208,256.9087290479966,8,81
106,February,543,62,Topic 6,normal,februari,284,66.61016949152538,112.74373747023616,260.6623288111316,8,82
72,system,894,57,Topic 6,normal,system,289,67.11864406779657,112.37018671178988,266.25916160454926,8,83
343,Hubei,700,55,Topic 6,normal,hubei,291,67.62711864406775,110.7641265087924,269.09535164834085,8,84
186,ACE2,997,42,Topic 6,normal,ace2,304,68.13559322033893,113.21304165640271,282.1326056997057,8,87
454,Risk,732,41,Topic 6,normal,risk,305,68.64406779661012,111.06897545211103,284.05753412296315,8,88
25,Read,1115,38,Topic 6,normal,read,308,69.1525423728813,109.61139388996472,287.83561685361144,8,89
253,CI,463,38,Topic 6,normal,ci,308,69.66101694915248,107.05269791353321,288.79702191926043,8,89
238,SARS,505,35,Topic 6,normal,sar,311,70.16949152542367,105.50328736270771,292.55778293469126,8,89
169,DNA,740,34,Topic 6,normal,dna,312,70.67796610169485,103.23372390302865,294.42621868494194,9,90
254,CT,652,32,Topic 6,normal,ct,314,71.18644067796603,101.26177060687215,297.2239119141682,9,90
195,CoV,558,31,Topic 6,normal,cov,315,72.2033898305084,96.27627647202867,299.92645529976426,9,91
364,March,269,29,Topic 6,normal,march,317,72.71186440677958,94.20516053048948,302.6786872731952,9,91
185,MERSCoV,571,28,Topic 6,normal,merscov,318,73.22033898305077,91.80403925399993,304.4602081991176,9,91
59,RBD,520,24,Topic 6,normal,rbd,322,73.72881355932195,90.21924656634201,309.10271359048534,9,93
118,Italy,245,22,Topic 6,normal,itali,324,74.23728813559313,88.01588862687464,311.81597673823836,9,93
544,All,237,22,Topic 6,normal,all,324,74.74576271186432,85.24523080971743,312.584789495903,9,93
96,S1,355,21,Topic 6,normal,s1,325,75.2542372881355,82.72238974525474,314.2960487101837,9,93
526,Tables,256,21,Topic 6,normal,tabl,325,75.76271186440668,79.92993113121942,315.0177869729875,9,93
345,Feb,238,20,Topic 6,normal,feb,326,76.27118644067787,77.36850415798398,316.6861452042953,9,94
117,Korea,239,18,Topic 6,normal,korea,328,76.77966101694905,75.012438524741,319.3072721792787,9,94
344,Jan,230,18,Topic 6,normal,jan,328,77.28813559322023,72.17581172072549,319.96039161504723,9,94
368,R0,223,18,Topic 6,normal,r0,328,77.79661016949142,69.3335005505174,320.58831186026015,9,94
516,PCR,249,18,Topic 6,normal,pcr,328,78.3050847457626,66.48572886663935,321.19098346166527,9,94
469,mRNA,528,17,Topic 6,normal,mrna,329,78.81355932203378,63.82672314969217,322.749360048897,9,95
73,SEIR,161,16,Topic 6,normal,seir,330,79.32203389830497,61.145278948748434,324.2857611155318,9,95
708,ZIKV,641,16,Topic 6,normal,zikv,330,79.83050847457615,58.2650169176712,324.8156212431654,9,95
116,South,185,15,Topic 6,normal,south,331,80.33898305084733,55.54798478104995,326.30571767403075,9,95
558,ICU,225,15,Topic 6,normal,icu,331,80.84745762711852,52.650017182313576,326.78582541276495,9,95
318,Supplementary,228,14,Topic 6,normal,supplementari,332,81.3559322033897,49.89819879415694,328.2288374855244,9,95
98,S2,218,13,Topic 6,normal,s2,333,81.86440677966088,47.12490329272756,329.64866674939105,9,96
849,Screening,226,13,Topic 6,normal,screen,333,82.37288135593207,44.197600585480224,330.0538927243343,9,96
192,NCP,280,12,Topic 6,normal,ncp,334,82.88135593220325,41.39074137350487,331.4254162380303,9,96
494,ORF,272,12,Topic 6,normal,orf,334,83.38983050847443,38.447896814572964,331.77968477671436,9,96
554,US,145,12,Topic 6,normal,us,334,83.89830508474562,35.50202420622094,332.1078232701857,9,96
898,mM,305,12,Topic 6,normal,mm,334,84.4067796610168,32.553355557182215,332.40980587516924,9,96
993,phenotyping,248,12,Topic 6,normal,phenotyp,334,84.91525423728798,29.602123096398564,332.6856088083548,9,96
1337,IgG,249,12,Topic 6,normal,igg,334,85.42372881355917,26.648559254730646,332.93521034827046,9,96
542,WHO,68,11,Topic 6,normal,who,335,85.93220338983035,23.763833462959308,334.1560716478824,9,96
706,Zika,400,11,Topic 6,normal,zika,335,86.44067796610153,20.79744999220437,334.35380373763024,9,96
731,Unit,90,11,Topic 6,normal,unit,335,86.94915254237272,17.829428572130826,334.5252030517152,9,96
1087,CFR,249,11,Topic 6,normal,cfr,335,87.4576271186439,14.860002955850936,334.67025609120407,9,96
1336,IgM,155,11,Topic 6,normal,igm,335,87.96610169491508,11.889407007067538,334.7889514321228,9,96
1383,II,194,11,Topic 6,normal,ii,335,88.47457627118627,8.917874681655604,334.8812797263566,9,96
166,LAMP,159,10,Topic 6,normal,lamp,336,88.98305084745745,5.9633881883685795,335.9470761910495,9,97
443,WT,229,10,Topic 6,normal,wt,336,89.49152542372863,2.9818115137756247,335.986768787249,9,97
555,Capacity,158,10,Topic 6,normal,capac,336,89.99999999999982,1.0650718877930228e-12,336.0,9,97
860,RTPCR,131,10,Topic 6,normal,rtpcr,336,90.508474576271,-2.981811513773495,335.986768787249,9,97
1012,December,45,10,Topic 6,normal,decemb,336,91.01694915254218,-5.963388188366375,335.9470761910496,9,97
1232,Searches,178,10,Topic 6,normal,search,336,91.52542372881337,-8.94449520309118,335.8809253374801,9,97
470,IFN,255,9,Topic 6,normal,ifn,337,92.03389830508455,-11.960388541435881,336.7876914406729,9,97
572,SIR,99,9,Topic 6,normal,sir,337,92.54237288135573,-14.948719391406046,336.6682874708531,9,97
610,Eq,232,9,Topic 6,normal,eq,337,93.05084745762692,-17.935872921812983,336.52236844306884,9,97
704,CD8,110,9,Topic 6,normal,cd8,337,93.5593220338981,-20.921613872752637,336.3499458494968,9,97
917,Cancer,192,9,Topic 6,normal,cancer,337,94.06779661016928,-23.90570709557179,336.15103326966096,9,97
924,MERS,110,9,Topic 6,normal,mer,337,94.57627118644047,-26.88791757138777,335.9256463693629,9,97
965,IBV,472,9,Topic 6,normal,ibv,337,95.08474576271165,-29.86801042959762,335.673802899448,9,97
1015,World,22,9,Topic 6,normal,world,337,95.59322033898283,-32.845750966376265,335.3955226944075,9,97
119,Iran,114,8,Topic 6,normal,iran,338,96.10169491525401,-35.9271981488082,336.0851624710265,9,97
180,Market,83,8,Topic 6,normal,market,338,96.6101694915252,-38.90835066863751,335.7530941752381,9,97
325,Japan,103,8,Topic 6,normal,japan,338,97.11864406779638,-41.88643887498176,335.3945828995639,9,97
358,IL6,167,8,Topic 6,normal,il6,338,97.62711864406756,-44.861228221896646,335.0096568793546,9,97
684,doiorg10,77,8,Topic 6,normal,doiorg10,338,98.13559322033875,-47.83248442324679,334.59834643031314,9,97
996,File,186,8,Topic 6,normal,file,338,98.64406779660993,-50.79997347115758,334.16068394610653,9,97
1014,CDC,59,8,Topic 6,normal,cdc,338,99.15254237288111,-53.763461654444974,333.69670389581466,9,97
1133,RdRp,213,8,Topic 6,normal,rdrp,338,99.6610169491523,-56.7227155770217,333.206442821216,9,97
265,doiorg101101202003,83,7,Topic 6,normal,doiorg101101202003,339,100.16949152542348,-59.85406283360557,333.6742290952521,9,97
332,Ebola,77,7,Topic 6,normal,ebola,339,100.67796610169466,-62.8128774655303,333.12991823686485,9,97
369,SI,70,7,Topic 6,normal,si,339,101.18644067796585,-65.76674512992379,332.5593709926329,9,97
483,Mainland,53,7,Topic 6,normal,mainland,339,101.69491525423703,-68.71543318838422,331.9626322972703,9,97
571,MHC,160,7,Topic 6,normal,mhc,339,102.20338983050821,-71.65870941044112,331.33974914825717,9,97
709,Seasonality,131,7,Topic 6,normal,season,339,102.7118644067794,-74.59634199184521,330.6907706021377,9,97
2029,Africa,44,7,Topic 6,normal,africa,339,103.22033898305058,-77.52809957282467,330.0157477706574,9,97
14,mNGS,57,6,Topic 6,normal,mng,340,103.72881355932176,-80.69107795617744,330.28616371000174,9,98
58,Sprotein,70,6,Topic 6,normal,sprotein,340,104.23728813559295,-83.61900487573516,329.5570694486644,9,98
213,NP,133,6,Topic 6,normal,np,340,104.74576271186413,-86.54034619503364,328.8020201891158,9,98
245,PDB,66,6,Topic 6,normal,pdb,340,105.25423728813531,-89.45487183735564,328.0210753969359,9,98
251,Singapore,115,6,Topic 6,normal,singapor,340,105.7627118644065,-92.36235226276756,327.2142965771643,9,98
576,ExoN,243,6,Topic 6,normal,exon,340,106.27118644067768,-95.26255848619749,326.38174726945715,9,98
650,HIV1,117,6,Topic 6,normal,hiv1,340,106.77966101694886,-98.15526209546948,325.52349304308234,9,98
663,ER,82,6,Topic 6,normal,er,340,107.28813559322005,-101.0402352692926,324.6396014917558,9,98
711,NTS,108,6,Topic 6,normal,nt,340,107.79661016949123,-103.91725079520343,323.7301422283177,9,98
863,CD4,108,6,Topic 6,normal,cd4,340,108.30508474576241,-106.78608208746088,322.7951868792502,9,98
1010,OR,74,6,Topic 6,normal,or,340,108.8135593220336,-109.64650320489135,321.8348090790363,9,98
1269,mL,36,6,Topic 6,normal,ml,340,109.32203389830478,-112.49828886868302,320.8490844643605,9,98
95,CTD,283,5,Topic 6,normal,ctd,341,109.83050847457596,-115.68045334624662,320.77879093482295,9,98
129,miRNAs,204,5,Topic 6,normal,mirna,341,110.33898305084715,-118.52262983283823,319.7395599820391,9,98
241,GenBank,76,5,Topic 6,normal,genbank,341,110.84745762711833,-121.35547180674457,318.6751472307849,9,98
268,RaTG13,96,5,Topic 6,normal,ratg13,341,111.35593220338951,-124.17875616121059,317.5856365112481,9,98
359,CRP,95,5,Topic 6,normal,crp,341,111.8644067796607,-126.99226054221279,316.47111363026283,9,98
399,RNase,250,5,Topic 6,normal,rnase,341,112.37288135593188,-129.79576336597117,315.3316663645515,9,98
543,Rt,70,5,Topic 6,normal,rt,341,112.88135593220306,-132.58904383640052,314.16738445381156,9,98
724,Hand,180,5,Topic 6,normal,hand,341,113.38983050847425,-135.37188196249983,312.9783595936483,9,98
738,France,61,5,Topic 6,normal,franc,341,113.89830508474543,-138.14405857567806,311.76468542835255,9,98
786,Shanghai,109,5,Topic 6,normal,shanghai,341,114.40677966101661,-140.90535534701516,310.5264575435262,9,98
884,UK,50,5,Topic 6,normal,uk,341,114.9152542372878,-143.65555480445724,309.26377345855366,9,98
894,RTqPCR,39,5,Topic 6,normal,rtqpcr,341,115.42372881355898,-146.39444034994415,307.97673261892146,9,98
895,RTLAMP,70,5,Topic 6,normal,rtlamp,341,115.93220338983016,-149.12179627646776,306.6654363883867,9,98
975,RNAseq,65,5,Topic 6,normal,rnaseq,341,116.44067796610135,-151.8374077850609,305.3299880409933,9,98
1168,mixes,67,5,Topic 6,normal,mix,341,116.94915254237253,-154.54106100171362,303.97049275293915,9,98
1310,IAV,138,5,Topic 6,normal,iav,341,117.45762711864371,-157.23254299421828,302.5870575942918,9,98
1341,Chest,35,5,Topic 6,normal,chest,341,117.9661016949149,-159.9116417889388,301.17979152055693,9,98
1385,HCoV19,65,5,Topic 6,normal,hcov19,341,118.47457627118608,-162.57814638750529,299.7488053640963,9,98
1482,Authorization,15,5,Topic 6,normal,author,341,118.98305084745726,-165.23184678343182,298.2942118253998,9,98
1810,CD,51,5,Topic 6,normal,cd,341,119.49152542372845,-167.87253397865578,296.816125464209,9,98
170,studies,3819,239,Topic 1,normal,studi,107,120.0,-53.49999999999998,92.66471820493494,3,30
10,virus,3094,203,Topic 1,negative,viru,143,120.50847457627118,-72.59620944845408,123.2022336393143,4,41
53,protein,5237,180,Topic 1,normal,protein,166,121.01694915254237,-85.53840864297716,142.2644742963859,4,47
56,coronavirus,1349,171,Topic 1,normal,coronaviru,175,121.52542372881355,-91.5034493430448,149.17144082673744,5,50
3,sequences,4324,166,Topic 1,normal,sequenc,180,122.03389830508473,-95.47576346155364,152.5921970201408,5,52
258,group,1810,93,Topic 1,normal,group,253,122.54237288135592,-136.09456665891645,213.27744589131254,7,73
13,analysis,1033,91,Topic 1,normal,analysi,255,123.0508474576271,-139.07269134057296,213.7376581777056,7,73
181,respiratory,708,89,Topic 1,normal,respiratori,257,123.55932203389828,-142.06961679782663,214.1616772042064,7,74
282,viruses,1499,88,Topic 1,normal,virus,258,124.06779661016947,-144.5247605310292,213.7208309768813,7,74
52,host,1782,84,Topic 1,normal,host,262,124.57627118644065,-148.68573302186329,215.7233246446735,7,75
2,genome,1737,82,Topic 1,normal,genom,264,125.08474576271183,-151.74387629660328,216.0319328397567,7,76
40,al,1833,82,Topic 1,normal,al,264,125.59322033898302,-153.6550630500962,214.67678402442812,7,76
125,method,1174,79,Topic 1,normal,method,267,126.1016949152542,-157.321809134973,215.72864522473398,7,77
54,regions,1246,69,Topic 1,normal,region,277,126.61016949152538,-165.1937583151647,222.35112370687705,8,80
91,structures,1374,63,Topic 1,normal,structur,283,127.11864406779657,-170.78129964453092,225.6606915076814,8,81
60,interact,1116,51,Topic 1,normal,interact,295,127.62711864406775,-180.10342768881523,233.64022627693996,8,85
48,receptor,677,50,Topic 1,normal,receptor,296,128.13559322033893,-182.78728602407259,232.81926051758236,8,85
314,species,1118,43,Topic 1,normal,speci,303,128.64406779661013,-189.21759195777403,236.65524057941613,8,87
141,mutations,1001,40,Topic 1,normal,mutat,306,129.15254237288133,-193.20448495275363,237.29312462467428,8,88
163,antibodies,738,37,Topic 1,normal,antibodi,309,129.66101694915253,-197.21745274624934,237.87870087984112,8,89
90,coronaviruses,288,36,Topic 1,normal,coronavirus,310,130.16949152542372,-199.96577751971762,236.88327889687528,8,89
110,prediction,624,35,Topic 1,normal,predict,311,130.67796610169492,-202.71191616544766,235.85775171601315,8,89
583,acids,532,34,Topic 1,normal,acid,312,131.18644067796612,-205.45555026829211,234.80208019511517,9,90
65,isolate,460,33,Topic 1,negative,isol,313,131.69491525423732,-208.19636055024378,233.71622847725592,9,90
57,bat,808,32,Topic 1,normal,bat,314,132.2033898305085,-210.93402690370905,232.60016400292014,9,90
64,dataset,622,31,Topic 1,normal,dataset,315,132.7118644067797,-213.66822842492928,231.45385752186598,9,91
115,set,510,31,Topic 1,normal,set,315,133.2203389830509,-215.71383761385135,229.5485575252107,9,91
120,vaccine,886,31,Topic 1,normal,vaccin,315,133.7288135593221,-217.7424577808759,227.6251789225952,9,91
271,domains,683,31,Topic 1,normal,domain,315,134.2372881355933,-219.75392915752053,225.68387319396894,9,91
92,spike,458,25,Topic 1,normal,spike,321,134.7457627118645,-225.97186653210144,227.9862178641466,9,92
276,binding,419,25,Topic 1,normal,bind,321,135.2542372881357,-227.9862178641474,225.97186653210068,9,92
279,residues,460,25,Topic 1,normal,residu,321,135.7627118644069,-229.98261363575958,223.93971828432967,9,92
207,scores,352,24,Topic 1,normal,score,322,136.2711864406781,-232.68351623198697,222.58117906489457,9,93
250,clusters,578,24,Topic 1,normal,cluster,322,136.7796610169493,-234.64963658132723,220.50747844971394,9,93
194,syndrome,74,23,Topic 1,negative,syndrom,323,137.2881355932205,-237.33205072877126,219.09472311508543,9,93
346,development,180,23,Topic 1,normal,develop,323,137.7966101694917,-239.26704768453322,216.9799066557254,9,93
858,swabs,203,23,Topic 1,normal,swab,323,138.30508474576288,-241.1832006330795,214.84800146239135,9,93
613,peptides,780,22,Topic 1,normal,peptid,324,138.81355932203408,-243.83292943338955,213.35768681707177,9,93
760,feature,441,22,Topic 1,normal,featur,324,139.32203389830528,-245.716757414754,211.18540462252344,9,93
419,emergence,97,21,Topic 1,normal,emerg,325,139.83050847457648,-248.34537303704735,209.64154094809024,9,93
514,organisms,281,20,Topic 1,normal,organ,326,140.33898305084767,-250.9658785981502,208.0676038682104,9,94
36,pattern,177,19,Topic 1,normal,pattern,327,140.84745762711887,-253.5779469028389,206.46361627303978,9,94
175,humans,299,19,Topic 1,normal,human,327,141.35593220339007,-255.40021013026166,204.20512399403253,9,94
570,epitopes,663,18,Topic 1,normal,epitop,328,141.86440677966127,-257.98891030326763,202.54807370234982,9,94
636,evolution,208,17,Topic 1,normal,evolut,329,142.37288135593246,-260.56825235631675,200.86111088006763,9,95
51,selection,445,16,Topic 1,normal,select,330,142.88135593220366,-263.13790882521226,199.14427167030004,9,95
239,amino,243,15,Topic 1,normal,amino,331,143.38983050847486,-265.69755215515,197.39759567624262,9,95
383,families,157,15,Topic 1,normal,famili,331,143.89830508474606,-267.4388822823489,195.03190570665078,9,95
393,recombination,367,15,Topic 1,normal,recombin,331,144.40677966101725,-269.1591496669922,192.65085556659665,9,95
22,libraries,199,14,Topic 1,normal,librari,332,144.91525423728845,-271.6765216015132,190.82942019118167,9,95
134,molecule,179,14,Topic 1,normal,molecul,332,145.42372881355965,-273.3593274123353,188.41092886739787,9,95
673,order,98,14,Topic 1,normal,order,332,145.93220338983085,-275.0206042028095,185.97759882287326,9,95
878,diversity,160,14,Topic 1,normal,divers,332,146.44067796610204,-276.66022113539606,183.52962169991454,9,95
435,compounds,339,13,Topic 1,normal,compound,333,146.94915254237324,-279.1162359732402,181.6125733976877,9,96
536,database,236,13,Topic 1,normal,databas,333,147.45762711864444,-280.7169544735468,179.12842172892786,9,96
112,profile,141,12,Topic 1,normal,profil,334,147.96610169491564,-283.14329891515126,177.16058331199216,9,96
233,association,204,12,Topic 1,normal,associ,334,148.47457627118683,-284.7043499207458,174.64086903186643,9,96
389,position,207,12,Topic 1,normal,posit,334,148.98305084745803,-286.24297840357286,172.10740052261474,9,96
1046,variants,346,12,Topic 1,normal,variant,334,149.49152542372923,-287.75906318553245,169.56037731317045,9,96
173,analyses,116,11,Topic 1,normal,analys,335,150.00000000000043,-290.1185102677882,167.4999999999978,9,96
304,energy,302,11,Topic 1,normal,energi,335,150.50847457627162,-291.5935543416718,164.9187650523448,9,96
722,codon,258,11,Topic 1,normal,codon,335,151.01694915254282,-293.0456333182083,162.3245415614355,9,96
1171,tree,259,11,Topic 1,normal,tree,335,151.52542372881402,-294.474632835696,159.71753384109712,9,96
1695,genotype,238,11,Topic 1,normal,genotyp,335,152.03389830508522,-295.88044035010756,157.0979472120067,9,96
225,abundance,221,10,Topic 1,positive,abund,336,152.5423728813564,-298.15029721900936,154.92708048697094,9,97
475,substitution,107,10,Topic 1,normal,substitut,336,153.0508474576276,-299.51344740465595,152.27506303981093,9,97
1110,form,78,10,Topic 1,normal,form,336,153.5593220338988,-300.853008744205,149.61105283219987,9,97
18,coverage,144,9,Topic 1,normal,coverag,337,154.06779661017,-303.06818786770214,147.37256699463163,9,97
354,chain,132,9,Topic 1,normal,chain,337,154.5762711864412,-304.3641023242718,144.67720351299377,9,97
392,alignments,98,9,Topic 1,normal,align,337,155.0847457627124,-305.6360459106532,141.97044565718986,9,97
522,quality,76,9,Topic 1,normal,qualiti,337,155.5932203389836,-306.8839184521071,139.25250660394056,9,97
614,tools,150,9,Topic 1,normal,tool,337,156.1016949152548,-308.10762166966276,136.52360041056622,9,97
758,design,104,9,Topic 1,normal,design,337,156.610169491526,-309.3070591878582,133.78394199812914,9,97
97,subunit,79,8,Topic 1,normal,subunit,338,157.1186440677972,-311.40344852020087,131.42257130997925,9,97
121,candidates,153,8,Topic 1,normal,candid,338,157.6271186440684,-312.5574874815795,128.65386515453886,9,97
236,glycoprotein,145,8,Topic 1,normal,glycoprotein,338,158.1355932203396,-313.68691028454265,125.87502657849684,9,97
307,algorithm,148,8,Topic 1,normal,algorithm,338,158.64406779661078,-314.7916279788917,123.08627443545052,9,97
313,similarity,91,8,Topic 1,normal,similar,338,159.15254237288198,-315.8715535601335,120.28782835976266,9,97
373,assembly,192,8,Topic 1,normal,assembl,338,159.66101694915318,-316.92660197633273,117.4799087492631,9,97
493,segments,146,8,Topic 1,normal,segment,338,160.16949152542438,-317.9566901348106,114.66273674789063,9,97
634,reference,143,8,Topic 1,normal,refer,338,160.67796610169557,-318.96173690868847,111.83653422827709,9,97
689,antigen,141,8,Topic 1,normal,antigen,338,161.18644067796677,-319.941663143278,109.00152377427227,9,97
759,accuracy,123,8,Topic 1,normal,accuraci,338,161.69491525423797,-320.89639166231416,106.15792866341485,9,97
883,result,37,8,Topic 1,normal,result,338,162.20338983050917,-321.8258472740342,103.30597284934714,9,97
908,affinity,104,8,Topic 1,positive,affin,338,162.71186440678036,-322.7299567770991,100.4458809441768,9,97
982,mapping,177,8,Topic 1,normal,map,338,163.22033898305156,-323.60864896635906,97.57787820078794,9,97
1532,training,140,8,Topic 1,normal,train,338,163.72881355932276,-324.46185463846103,94.70219049509976,9,97
2136,lineage,146,8,Topic 1,normal,lineag,338,164.23728813559396,-325.28950659729935,91.81904430827807,9,97
425,novel,20,7,Topic 1,normal,novel,339,164.74576271186515,-327.0563075281221,89.19176927312549,9,97
508,specimens,87,7,Topic 1,normal,specimen,339,165.25423728813635,-327.83495542385447,86.28581576504547,9,97
749,modification,183,7,Topic 1,normal,modif,339,165.76271186440755,-328.5877839502867,83.37306662609785,9,97
905,interface,107,7,Topic 1,normal,interfac,339,166.27118644067875,-329.31473381673777,80.45375125630346,9,97
945,classification,89,7,Topic 1,normal,classif,339,166.77966101694994,-330.01574777065815,77.52809957282166,9,97
979,traits,116,7,Topic 1,normal,trait,339,167.28813559322114,-330.6907706021384,74.5963419918422,9,97
1173,members,76,7,Topic 1,normal,member,339,167.79661016949234,-331.3397491482578,71.65870941043795,9,97
105,core,81,6,Topic 1,normal,core,340,168.30508474576354,-332.9418731005078,68.91813358126697,9,98
242,shares,46,6,Topic 1,normal,share,340,168.81355932203473,-333.5403720870071,65.96074732794382,9,98
461,pair,135,6,Topic 1,normal,pair,340,169.32203389830593,-334.1126023614581,62.99816618961391,9,98
575,stability,71,6,Topic 1,positive,stabil,340,169.83050847457713,-334.65851885659566,60.030623490928335,9,98
750,conformations,104,6,Topic 1,normal,conform,340,170.33898305084833,-335.1780785775552,57.05835294729628,9,98
1160,annotation,238,6,Topic 1,normal,annot,340,170.84745762711952,-335.671240605258,54.0815886464793,9,98
2303,adaptation,85,6,Topic 1,normal,adapt,340,171.35593220339072,-336.13796609963435,51.10056503015477,9,98
104,bonds,69,5,Topic 1,normal,bond,341,171.86440677966192,-337.5681542388668,48.25703310155572,9,98
172,pangolins,80,5,Topic 1,normal,pangolin,341,172.37288135593312,-337.98311537236714,45.259404803743884,9,98
188,identities,56,5,Topic 1,normal,ident,341,172.88135593220431,-338.37145789571434,42.258212001087,9,98
224,microbiome,69,5,Topic 1,normal,microbiom,341,173.3898305084755,-338.7331512241313,39.25369105918332,9,98
272,homology,46,5,Topic 1,normal,homolog,341,173.8983050847467,-339.06816687165735,36.24607860574606,9,98
428,potential,14,5,Topic 1,normal,potenti,341,174.4067796610179,-339.376478453392,33.23561151196685,9,98
523,identification,93,5,Topic 1,normal,identif,341,174.9152542372891,-339.6580616875724,30.22252687386145,9,98
674,categories,148,5,Topic 1,normal,categori,341,175.4237288135603,-339.91289439748624,27.207061993595552,9,98
728,usage,91,5,Topic 1,normal,usag,341,175.9322033898315,-340.1409565132181,24.189454360796503,9,98
854,dengue,138,5,Topic 1,normal,dengu,341,176.4406779661027,-340.34223007323004,21.169941633848936,9,98
1174,metagenomics,56,5,Topic 1,normal,metagenom,341,176.9491525423739,-340.51669922577616,18.148761621176906,9,98
1215,errors,82,5,Topic 1,negative,error,341,177.4576271186451,-340.6643502301513,15.126152262515728,9,98
1286,pocket,112,5,Topic 1,normal,pocket,341,177.9661016949163,-340.785171457773,12.102351610172027,9,98
1531,input,74,5,Topic 1,normal,input,341,178.4745762711875,-340.8791533930975,9.07759781027495,9,98
1627,clade,82,5,Topic 1,normal,clade,341,178.98305084745868,-340.94628863436884,6.052129084021504,9,98
2030,stool,57,5,Topic 1,normal,stool,341,179.49152542372988,-340.9865718942022,3.0261837089136963,9,98
70,diseases,2949,233,Topic 5,normal,diseas,113,180.0,-113.0,1.383850883036509e-14,3,32
143,level,1126,74,Topic 5,normal,level,272,180.76923076923077,-271.9754867770281,-3.6516561172441024,7,78
356,tests,761,62,Topic 5,normal,test,284,181.53846153846155,-283.89762585853146,-7.624829958057364,8,82
270,strain,1405,51,Topic 5,negative,strain,295,182.30769230769232,-294.76075446061304,-11.878452332277508,8,85
1,pathogen,745,50,Topic 5,normal,pathogen,296,183.0769230769231,-295.573277686986,-15.888282392124058,8,85
38,age,982,47,Topic 5,normal,age,299,183.84615384615387,-298.3265797961719,-20.056215672909797,8,86
15,approach,356,36,Topic 5,normal,approach,310,184.61538461538464,-308.9947655216051,-24.944636302185145,8,89
631,changes,411,36,Topic 5,normal,chang,310,185.38461538461542,-308.63203136230476,-29.09070671498573,8,89
334,size,479,31,Topic 5,normal,size,315,186.1538461538462,-313.18485623693977,-33.76752617304624,9,91
507,networks,605,27,Topic 5,normal,network,319,186.92307692307696,-316.67413083727917,-38.45120100144826,9,92
50,dynamics,306,26,Topic 5,normal,dynam,320,187.69230769230774,-317.1203773586907,-42.83300437608395,9,92
196,state,471,26,Topic 5,normal,state,320,188.4615384615385,-316.51675586983407,-47.08655066614941,9,92
340,process,424,26,Topic 5,normal,process,320,189.23076923076928,-315.8560840441321,-51.33160987448357,9,92
228,children,501,22,Topic 5,normal,children,324,190.00000000000006,-319.07771197595537,-56.26200956408575,9,93
595,outcomes,219,22,Topic 5,normal,outcom,324,190.76923076923083,-318.2936269226753,-60.5406232244827,9,93
209,difference,211,21,Topic 5,normal,differ,325,191.5384615384616,-318.4319619137369,-65.00835047721482,9,93
351,simulations,426,21,Topic 5,normal,simul,325,192.30769230769238,-317.53051362559046,-69.27750657081064,9,93
670,area,254,21,Topic 5,normal,area,325,193.07692307692315,-316.57183227655514,-73.53417578966011,9,93
317,distances,430,20,Topic 5,normal,distanc,326,193.84615384615392,-316.52703248089284,-78.01690655774428,9,94
394,influenza,290,20,Topic 5,normal,influenza,326,194.6153846153847,-315.4511133198491,-82.2593162217368,9,94
734,effects,421,20,Topic 5,normal,effect,326,195.38461538461547,-314.3183358979412,-86.48689911396414,9,94
1413,event,263,20,Topic 5,normal,event,326,196.15384615384625,-313.1289043918272,-90.69889323676408,9,94
490,values,230,19,Topic 5,normal,valu,327,196.92307692307702,-312.8397296105679,-95.1856269464397,9,94
671,years,180,19,Topic 5,normal,year,327,197.6923076923078,-311.5336491438065,-99.3769865267793,9,94
643,participants,422,18,Topic 5,normal,particip,328,198.46153846153857,-311.11995295866353,-103.8671019668836,9,94
557,care,250,17,Topic 5,normal,care,329,199.23076923076934,-310.6416765132663,-108.36396455015483,9,95
605,range,240,17,Topic 5,normal,rang,329,200.0000000000001,-309.1588722385636,-112.52462715414566,9,95
892,immunity,507,16,Topic 5,normal,immun,330,200.7692307692309,-308.5553600861866,-117.01961272403743,9,95
402,fitness,465,15,Topic 5,normal,fit,331,201.53846153846166,-307.88671130553075,-121.5186117492492,9,95
574,conditions,321,15,Topic 5,normal,condit,331,202.30769230769243,-306.2275514615695,-125.64110285194029,9,95
1347,communities,246,15,Topic 5,normal,commun,331,203.0769230769232,-304.5131958510706,-129.74094786368548,9,95
1017,prevalence,211,14,Topic 5,normal,preval,332,203.84615384615398,-303.6585877773722,-134.2216900096699,9,95
41,classes,169,13,Topic 5,normal,class,333,204.61538461538476,-302.73839183430664,-138.70279777126993,9,96
249,generation,383,13,Topic 5,normal,gener,333,205.38461538461553,-300.848994725257,-142.75462294721774,9,96
445,variables,169,13,Topic 5,normal,variabl,333,206.1538461538463,-298.9053713037913,-146.78071741799957,9,96
599,trial,328,13,Topic 5,normal,trial,333,206.92307692307708,-296.9078718969267,-150.78035550308994,9,96
984,variation,229,13,Topic 5,normal,variat,333,207.69230769230785,-294.85685654251847,-154.75281629057568,9,96
153,equations,194,12,Topic 5,normal,equat,334,208.46153846153862,-293.6318321463612,-159.1739524871176,9,96
362,correlation,191,12,Topic 5,normal,correl,334,209.2307692307694,-291.46842626445476,-163.10167531611108,9,96
1435,publications,198,12,Topic 5,normal,public,334,210.00000000000017,-289.25248486400204,-167.00000000000082,9,96
487,behavior,220,11,Topic 5,normal,behavior,335,210.76923076923094,-287.8436421083421,-171.37980539668214,9,96
1516,agent,281,11,Topic 5,normal,agent,335,211.53846153846172,-285.5168917769857,-175.22872056260934,9,96
71,impact,137,10,Topic 5,normal,impact,336,212.3076923076925,-283.9838687427145,-179.58051757894205,9,97
1328,density,285,10,Topic 5,normal,densiti,336,213.07692307692326,-281.5473700094427,-183.37687542535443,9,97
794,performance,125,9,Topic 5,normal,perform,337,213.84615384615404,-279.8906600545793,-187.69714546101096,9,97
1203,load,116,9,Topic 5,normal,load,337,214.6153846153848,-277.3455628061616,-191.43781964840045,9,97
1231,review,138,9,Topic 5,normal,review,337,215.38461538461559,-274.75047560464577,-195.14398826256715,9,97
1295,school,420,9,Topic 5,normal,school,337,216.15384615384636,-272.1058661996732,-198.81498328779338,9,97
1296,closures,337,9,Topic 5,normal,closur,337,216.92307692307713,-269.41221126697917,-202.45014304819986,9,97
1608,healthcare,157,9,Topic 5,normal,healthcar,337,217.6923076923079,-266.6699963224753,-206.04881232700907,9,97
33,susceptibility,90,8,Topic 5,normal,suscept,338,218.46153846153868,-264.6627414971555,-210.23233163148296,9,97
208,questionnaire,42,8,Topic 5,normal,questionnair,338,219.23076923076945,-261.81647709774643,-213.76653695123852,9,97
560,adults,58,8,Topic 5,normal,adult,338,220.00000000000023,-258.9230217742137,-217.26221207405132,9,97
654,forces,180,8,Topic 5,normal,forc,338,220.769230769231,-255.9828970553479,-220.71872692445282,9,97
1078,fraction,142,8,Topic 5,normal,fraction,338,221.53846153846177,-252.99663288183126,-224.13545848538982,9,97
1855,cohorts,120,8,Topic 5,normal,cohort,338,222.30769230769255,-249.96476751071927,-227.51179091051975,9,97
530,solutions,73,7,Topic 5,normal,solut,339,223.07692307692332,-247.61828483682035,-231.53009526727038,9,97
637,term,61,7,Topic 5,normal,term,339,223.8461538461541,-244.48762964955208,-234.8335558397553,9,97
757,transition,174,7,Topic 5,normal,transit,339,224.61538461538487,-241.3129069639054,-238.09468900550795,9,97
856,windows,196,7,Topic 5,normal,window,339,225.38461538461564,-238.09468900550576,-241.31290696390752,9,97
1763,access,55,7,Topic 5,normal,access,339,226.15384615384642,-234.83355583975305,-244.48762964955424,9,97
42,matrix,61,6,Topic 5,normal,matrix,340,226.9230769230772,-232.213074899325,-248.34872225522017,9,98
642,survey,72,6,Topic 5,normal,survey,340,227.69230769230796,-228.85801452537265,-251.44384897528178,9,98
1018,males,51,6,Topic 5,normal,male,340,228.46153846153874,-225.4617038018691,-254.49365437817545,9,98
1025,threats,23,6,Topic 5,negative,threat,340,229.2307692307695,-222.02475489441775,-257.49758875390216,9,98
1357,limit,65,6,Topic 5,negative,limit,340,230.00000000000028,-218.54778729342206,-260.45511066045367,9,98
1433,reservoir,115,6,Topic 5,normal,reservoir,340,230.76923076923106,-215.03142770242704,-263.3656870214036,9,98
1576,work,36,6,Topic 5,positive,work,340,231.53846153846183,-211.476309925158,-266.22879322199265,9,98
35,scaling,71,5,Topic 5,normal,scale,341,232.3076923076926,-208.49449555937483,-269.8352188307557,9,98
327,relationship,76,5,Topic 5,normal,relationship,341,233.07692307692338,-204.85311210514934,-272.609982320595,9,98
573,equilibrium,150,5,Topic 5,normal,equilibrium,341,233.84615384615415,-201.17480504788352,-275.3356094186621,9,98
686,failure,92,5,Topic 5,negative,failur,341,234.61538461538493,-197.46023738140815,-278.01160884624574,9,98
1103,metapopulation,62,5,Topic 5,normal,metapopul,341,235.3846153846157,-193.71007863532265,-280.6374982697378,9,98
1205,sex,90,5,Topic 5,normal,sex,341,236.15384615384647,-189.9250047543142,-283.21280438757304,9,98
1213,predictor,63,5,Topic 5,normal,predictor,341,236.92307692307725,-186.1056979763245,-285.7370630155372,9,98
1561,extinction,31,5,Topic 5,normal,extinct,341,237.69230769230802,-182.25284670957845,-288.2098191704351,9,98
1703,service,32,5,Topic 5,normal,servic,341,238.4615384615388,-178.36714540850434,-290.6306271520974,9,98
2037,throat,43,5,Topic 5,normal,throat,341,239.23076923076957,-174.4492944485604,-292.999050623717,9,98
46,cells,8830,228,Topic 4,normal,cell,118,240.0,-59.00000000000005,-102.19099764656373,3,34
179,reuse,1228,98,Topic 4,normal,reus,248,240.82191780821918,-120.90637301896406,-216.5309422770776,7,71
178,rights,1213,97,Topic 4,normal,right,249,241.64383561643837,-118.26281694469549,-219.12303878941037,7,71
182,permission,980,79,Topic 4,normal,permiss,267,242.46575342465755,-123.42841579472277,-236.75815967861598,7,77
130,expression,1954,68,Topic 4,normal,express,278,243.28767123287673,-124.96411963395254,-248.33036222764062,8,80
283,activities,1279,64,Topic 4,normal,activ,282,244.10958904109592,-123.13564741160987,-253.6959052419327,8,81
421,treatment,905,64,Topic 4,normal,treatment,282,244.9315068493151,-119.48379139610728,-255.43614386693892,8,81
211,responses,1010,57,Topic 4,normal,respons,289,245.75342465753428,-118.68199843590804,-263.50632487145185,8,83
234,drug,1037,43,Topic 4,normal,drug,303,246.57534246575347,-120.45547272761415,-278.0278386959964,8,87
471,mice,1287,37,Topic 4,normal,mice,309,247.39726027397265,-118.76089548369158,-285.26627859582646,8,89
45,factor,444,33,Topic 4,normal,factor,313,248.21917808219183,-116.14085081144728,-290.65495483957113,9,90
199,functions,450,33,Topic 4,normal,function,313,249.04109589041101,-111.95954875476811,-292.29105262157566,9,90
978,types,461,29,Topic 4,normal,type,317,249.8630136986302,-109.13227097021458,-297.6224914768433,9,91
349,protease,499,25,Topic 4,normal,proteas,321,250.68493150684938,-106.17479332896036,-302.9321925143522,9,92
473,lungs,498,24,Topic 4,normal,lung,322,251.50684931506856,-102.13559492569183,-305.37242876391934,9,93
274,inhibitor,367,23,Topic 4,normal,inhibitor,323,252.32876712328775,-98.0481711292289,-307.7589253591412,9,93
747,complexes,453,22,Topic 4,normal,complex,324,253.15068493150693,-93.91323531401565,-310.09079998099645,9,93
897,concentration,381,21,Topic 4,normal,concentr,325,253.9726027397261,-89.73151625667693,-312.3671797584979,9,93
127,tissue,304,20,Topic 4,normal,tissu,326,254.7945205479453,-85.50375801117725,-314.5872015291881,9,94
355,blood,238,20,Topic 4,normal,blood,326,255.61643835616448,-80.98230779258147,-315.7813576267409,9,94
292,membrane,580,19,Topic 4,normal,membran,327,256.43835616438366,-76.6786843895234,-317.8826502977032,9,94
162,entry,225,16,Topic 4,normal,entri,330,257.2602739726028,-72.77243764173319,-321.87602010662437,9,95
537,phase,432,16,Topic 4,normal,phase,330,258.082191780822,-68.14774158180012,-322.8867995401797,9,95
424,cleavage,265,15,Topic 4,normal,cleavag,331,258.9041095890411,-63.70147363234454,-324.81244165990273,9,95
177,animals,178,14,Topic 4,normal,anim,332,259.7260273972603,-59.21394411184698,-326.67676504875436,9,95
909,surface,333,14,Topic 4,normal,surfac,332,260.54794520547944,-54.521777938561115,-327.4925582825024,9,95
431,serum,150,13,Topic 4,normal,serum,333,261.3698630136986,-49.96844764876961,-329.2296375473693,9,96
509,injury,227,13,Topic 4,negative,injuri,333,262.19178082191775,-45.240612607681655,-329.91254442788573,9,96
1020,findings,99,13,Topic 4,normal,find,333,263.0136986301369,-40.5034679339267,-330.52756176350164,9,96
472,titers,148,12,Topic 4,normal,titer,334,263.83561643835606,-35.86536978583118,-332.0687809025799,9,96
1546,images,239,12,Topic 4,normal,imag,334,264.6575342465752,-31.098259210719906,-332.5490915249399,9,96
158,particles,385,11,Topic 4,normal,particl,335,265.47945205479436,-26.403565836927992,-333.957859184501,9,96
413,pathway,254,11,Topic 4,normal,pathway,335,266.3013698630135,-21.610330565522133,-334.3022488899063,9,96
591,therapy,101,10,Topic 4,normal,therapi,336,267.1232876712327,-16.862835320906616,-335.5765855731594,9,97
789,cytokine,182,10,Topic 4,normal,cytokin,336,267.94520547945183,-12.047361585356533,-335.7839500018303,9,97
1019,subject,145,10,Topic 4,normal,subject,336,268.767123287671,-7.229408738572285,-335.9222166652433,9,97
122,protection,91,9,Topic 4,positive,protect,337,269.58904109589014,-2.4171407454237657,-336.9913313879406,9,97
2294,diffusion,230,9,Topic 4,normal,diffus,337,270.4109589041093,2.4171407454203493,-336.99133138794065,9,97
547,fluorescent,196,8,Topic 4,normal,fluoresc,338,271.23287671232845,7.272440933441314,-337.92175366920316,9,97
685,kidney,129,8,Topic 4,normal,kidney,338,272.0547945205476,12.11907207098023,-337.78266398993657,9,97
962,experiments,160,8,Topic 4,normal,experi,338,272.87671232876676,16.963209340670495,-337.5740652491903,9,97
966,fusion,233,8,Topic 4,normal,fusion,338,273.6986301369859,21.803855913866673,-337.2960003725027,9,97
1072,mechanism,77,8,Topic 4,normal,mechan,338,274.52054794520507,26.64001568024035,-336.9485265801834,9,97
1343,efficacy,112,8,Topic 4,normal,efficaci,338,275.3424657534242,31.470693452761047,-336.53171537553834,9,97
1406,stress,151,8,Topic 4,negative,stress,338,276.1643835616434,36.29489517248442,-336.045652530156,9,97
1664,brain,231,8,Topic 4,normal,brain,338,276.98630136986253,41.11162811311139,-335.4904380662573,9,97
160,lines,102,7,Topic 4,normal,line,339,277.8082191780817,46.05575878078963,-335.856914597758,9,97
316,mouse,135,7,Topic 4,normal,mous,339,278.63013698630084,50.86878003883413,-335.1617030887639,9,97
380,phage,311,7,Topic 4,normal,phage,339,279.45205479452,55.67133349750329,-334.3975218607485,9,97
418,phosphorylation,99,7,Topic 4,normal,phosphoryl,339,280.27397260273915,60.462430885286146,-333.56452816725283,9,97
466,hours,49,7,Topic 4,normal,hour,339,281.0958904109583,65.24108628810781,-332.66289342207625,9,97
520,minutes,60,7,Topic 4,normal,minut,339,281.91780821917746,70.00631635220948,-331.6928031640035,9,97
549,neuron,192,7,Topic 4,normal,neuron,339,282.7397260273966,74.75714048650467,-330.6544570186239,9,97
698,damage,129,7,Topic 4,negative,damag,339,283.56164383561577,79.49258106436496,-329.54806865725277,9,97
915,anxiety,111,7,Topic 4,negative,anxieti,339,284.3835616438349,84.21166362479764,-328.3738657529614,9,97
973,formation,113,7,Topic 4,normal,format,339,285.2054794520541,88.91341707296905,-327.13208993372734,9,97
1007,delivery,151,7,Topic 4,normal,deliveri,339,286.02739726027323,93.59687388003759,-325.8229967327112,9,97
1030,liver,166,7,Topic 4,normal,liver,339,286.8493150684924,98.26107028225324,-324.44685553567336,9,97
303,water,159,6,Topic 4,normal,water,340,287.67123287671154,103.20860118865787,-323.95676353593944,9,98
499,nm,195,6,Topic 4,normal,nm,340,288.4931506849307,107.8450381202916,-322.4429372041398,9,98
521,flow,89,6,Topic 4,normal,flow,340,289.31506849314985,112.45928265372311,-320.8627584264182,9,98
1525,loss,206,6,Topic 4,negative,loss,340,290.136986301369,117.05038526773366,-319.2165523726411,9,98
1864,challenge,37,6,Topic 4,normal,challeng,340,290.95890410958816,121.61740120325786,-317.5046577997964,9,98
93,trimers,47,5,Topic 4,normal,trimer,341,291.7808219178073,126.53044768914373,-316.65603706164336,9,98
290,ion,110,5,Topic 4,normal,ion,341,292.60273972602647,131.0597584463991,-314.80841747953866,9,98
495,virion,69,5,Topic 4,normal,virion,341,293.4246575342456,135.5620996703464,-312.89601648625546,9,98
735,dose,49,5,Topic 4,normal,dose,341,294.2465753424648,140.03654486727714,-310.91922761649056,9,98
809,supplementation,40,5,Topic 4,normal,supplement,341,295.06849315068393,144.48217328394,-308.87845765470524,9,98
1180,airway,89,5,Topic 4,normal,airway,341,295.8904109589031,148.89807009701232,-306.7741265514176,9,98
1362,tract,42,5,Topic 4,normal,tract,341,296.71232876712224,153.2833266013538,-304.6066673367848,9,98
1792,substrate,88,5,Topic 4,normal,substrat,341,297.5342465753414,157.63704039699974,-302.3765260314939,9,98
1872,plasma,80,5,Topic 4,normal,plasma,341,298.35616438356055,161.9583155748584,-300.0841615549788,9,98
2499,tumor,148,5,Topic 4,normal,tumor,341,299.1780821917797,166.2462629010699,-297.7300456309849,9,98
132,gene,4113,114,Topic 3,normal,gene,232,300.0,116.00000000000003,-200.91789367798975,6,67
12,samples,1887,96,Topic 3,normal,sampl,250,301.05263157894734,128.95631163358092,-214.1734570152491,7,72
66,detection,841,57,Topic 3,normal,detect,289,302.1052631578947,153.59667769735557,-244.80412700837923,8,83
55,sites,1184,56,Topic 3,normal,site,290,303.157894736842,158.6149658555035,-242.77827869613347,8,83
415,replication,566,40,Topic 3,normal,replic,306,304.21052631578937,172.04400751386234,-253.05505226841467,8,88
139,target,483,39,Topic 3,normal,target,307,305.2631578947367,177.24114362624803,-250.66826086694684,8,88
123,transcripts,782,30,Topic 3,normal,transcript,316,306.31578947368405,187.14633984213305,-254.62177338886957,9,91
168,primers,515,25,Topic 3,normal,primer,321,307.3684210526314,194.82706610131655,-255.1145121594482,9,92
651,sensitivity,262,24,Topic 3,normal,sensit,322,308.42105263157873,200.10229439914738,-252.27578515623918,9,93
446,temperature,413,23,Topic 3,normal,temperatur,323,309.4736842105261,205.3387706718187,-249.32907824597243,9,93
519,reaction,360,21,Topic 3,normal,reaction,325,310.5263157894734,211.18410044074056,-247.03496861990044,9,93
896,assays,258,18,Topic 3,normal,assay,328,311.57894736842076,217.67765874133042,-245.35777323103682,9,94
165,amplification,181,16,Topic 3,normal,amplif,330,312.6315789473681,223.50291863649306,-242.7888905221348,9,95
408,mutants,293,16,Topic 3,normal,mutant,330,313.68421052631544,227.92543975945912,-238.6419785168929,9,95
788,products,205,14,Topic 3,normal,product,332,314.7368421052628,233.67873545820098,-235.83521491638209,9,95
662,translation,345,13,Topic 3,normal,translat,333,315.7894736842101,238.68857688509254,-232.19983476430224,9,96
61,step,116,12,Topic 3,normal,step,334,316.84210526315746,243.64347679781756,-228.45974746959547,9,96
140,copy,169,12,Topic 3,normal,copi,334,317.8947368421048,247.79936044698218,-223.94525438612584,9,96
284,restriction,132,12,Topic 3,negative,restrict,334,318.94736842105215,251.8716076654814,-219.3551760319455,9,96
479,culture,128,12,Topic 3,normal,cultur,334,319.9999999999995,255.85884400173668,-214.69106163530648,9,96
308,lengths,198,11,Topic 3,normal,length,335,321.05263157894683,260.53744742040766,-210.58309165661504,9,96
994,probe,485,11,Topic 3,normal,probe,335,322.10526315789417,264.3620706477898,-205.7612587510414,9,96
1342,laboratory,74,11,Topic 3,normal,laboratori,335,323.1578947368415,268.09746725266405,-200.86997797756322,9,96
1443,specificity,112,11,Topic 3,normal,specif,335,324.21052631578885,271.7423764761706,-195.91090022528905,9,96
774,min,163,10,Topic 3,normal,min,336,325.2631578947362,276.1173459156802,-191.45550732345257,9,97
819,signal,207,10,Topic 3,normal,signal,336,326.31578947368354,279.5879498575106,-186.35068632681268,9,97
937,enzyme,139,10,Topic 3,normal,enzym,336,327.3684210526309,282.9641881878199,-181.18296885526541,9,97
1001,vectors,200,10,Topic 3,normal,vector,336,328.4210526315782,286.24492136967564,-175.9540990999306,9,97
1460,presence,125,10,Topic 3,normal,presenc,336,329.47368421052556,289.42904210073146,-170.6658418918473,9,97
372,fragments,152,9,Topic 3,normal,fragment,337,330.5263157894729,293.38605745983733,-165.81200586258223,9,97
381,plasmids,290,9,Topic 3,normal,plasmid,337,331.57894736842024,296.3826541565846,-160.39427145349794,9,97
618,worker,264,9,Topic 3,normal,worker,337,332.6315789473676,299.2792167480779,-154.9224012938639,9,97
906,synthesis,116,9,Topic 3,normal,synthesi,337,333.6842105263149,302.0747675959735,-149.39824223142176,9,97
1085,plant,243,9,Topic 3,normal,plant,337,334.73684210526227,304.7683631550814,-143.82365876229272,9,97
142,efficiencies,106,8,Topic 3,normal,effici,338,335.7894736842096,308.2711390820108,-138.61062300227763,9,97
146,clones,170,8,Topic 3,normal,clone,338,336.84210526315695,310.76551118039225,-132.92402740208217,9,97
79,cost,189,7,Topic 3,normal,cost,339,337.8947368421043,314.0814887858157,-127.56887709032148,9,97
397,resistance,141,7,Topic 3,negative,resist,339,338.94736842105164,316.3720340438459,-121.77740379462696,9,97
401,bacteria,154,7,Topic 3,normal,bacteria,339,339.999999999999,318.5557984464209,-115.9448285874073,9,97
513,technologies,45,7,Topic 3,normal,technolog,339,341.0526315789463,320.6320449365132,-110.07312006039349,9,97
102,strands,113,6,Topic 3,normal,strand,340,342.10526315789366,323.5516953796593,-104.47152921704631,9,98
480,passage,84,6,Topic 3,normal,passag,340,343.157894736841,325.41632446980896,-98.50997801522453,9,98
577,motifs,147,6,Topic 3,normal,motif,340,344.21052631578834,327.17112010514325,-92.51517804742052,9,98
1218,mass,84,6,Topic 3,normal,mass,340,345.2631578947357,328.8154900127719,-86.48915265893596,9,98
1253,transcriptomics,51,6,Topic 3,normal,transcriptom,340,346.315789473683,330.348879190335,-80.43393573417538,9,98
1648,platform,27,6,Topic 3,normal,platform,340,347.36842105263037,331.7707700933265,-74.35157101017494,9,98
2208,extracts,82,6,Topic 3,normal,extract,340,348.4210526315777,333.08068280977363,-68.24411138680736,9,98
137,base,68,5,Topic 3,normal,base,341,349.47368421052505,335.26134632581005,-62.29630534634648,9,98
655,polyprotein,78,5,Topic 3,normal,polyprotein,341,350.5263157894724,336.34920446032703,-56.126755285737964,9,98
802,body,36,5,Topic 3,normal,bodi,341,351.57894736841973,337.32353911008823,-49.938261506031616,9,98
846,protocol,54,5,Topic 3,normal,protocol,341,352.6315789473671,338.18402142084534,-43.73291272743236,9,98
943,nucleotides,75,5,Topic 3,normal,nucleotid,341,353.6842105263144,338.9303609654199,-37.51280335898925,9,98
1074,ribosomes,145,5,Topic 3,normal,ribosom,341,354.73684210526176,339.5623058417267,-31.28003279169746,9,98
1101,mosquito,154,5,Topic 3,normal,mosquito,341,355.7894736842091,340.0796427577955,-25.036704689918594,9,98
1130,polymerase,162,5,Topic 3,normal,polymeras,341,356.84210526315644,340.48219710376037,-18.78492628135882,9,98
1204,background,76,5,Topic 3,normal,background,341,357.8947368421038,340.7698330107934,-12.526807645844261,9,98
1439,diarrhea,68,5,Topic 3,normal,diarrhea,341,358.9473684210511,340.9424533969629,-6.264461003133717,9,98
